,Date,HomeTeam,AwayTeam,FTHG,FTAG,FTR,HTHG,HTAG,HTR,HTGS,ATGS,HTGC,ATGC,HHGS,AHGS,HHGC,AHGC,HTP,ATP,HM1,AM1,HM2,AM2,HM3,AM3,HM4,AM4,HM5,AM5,HTFormPts,ATFormPts,HTWinStreak3,HTWinStreak5,HTLossStreak3,HTLossStreak5,ATWinStreak3,ATWinStreak5,ATLossStreak3,ATLossStreak5,HTGD,ATGD,HHGD,AHGD,DiffPts,DiffFormPts
0,16/08/2024,Le Havre,Paris SG,1,4,2,0,1,2,0,0,0,0,0,0,0,0,0.0,0.0,M,M,M,M,M,M,M,M,M,M,0,0,0,0,0,0,0,0,0,0,0.0,0.0,0.0,0.0,0.0,0.0
1,17/08/2024,Brest,Marseille,1,5,2,1,3,2,0,0,0,0,0,0,0,0,0.0,0.0,M,M,M,M,M,M,M,M,M,M,0,0,0,0,0,0,0,0,0,0,0.0,0.0,0.0,0.0,0.0,0.0
2,17/08/2024,Reims,Lille,0,2,2,0,1,2,0,0,0,0,0,0,0,0,0.0,0.0,M,M,M,M,M,M,M,M,M,M,0,0,0,0,0,0,0,0,0,0,0.0,0.0,0.0,0.0,0.0,0.0
3,17/08/2024,Monaco,St Etienne,1,0,1,1,0,1,0,0,0,0,0,0,0,0,0.0,0.0,M,M,M,M,M,M,M,M,M,M,0,0,0,0,0,0,0,0,0,0,0.0,0.0,0.0,0.0,0.0,0.0
4,18/08/2024,Auxerre,Nice,2,1,1,1,1,0,0,0,0,0,0,0,0,0,0.0,0.0,M,M,M,M,M,M,M,M,M,M,0,0,0,0,0,0,0,0,0,0,0.0,0.0,0.0,0.0,0.0,0.0
5,18/08/2024,Angers,Lens,0,1,2,0,1,2,0,0,0,0,0,0,0,0,0.0,0.0,M,M,M,M,M,M,M,M,M,M,0,0,0,0,0,0,0,0,0,0,0.0,0.0,0.0,0.0,0.0,0.0
6,18/08/2024,Montpellier,Strasbourg,1,1,0,0,0,0,0,0,0,0,0,0,0,0,0.0,0.0,M,M,M,M,M,M,M,M,M,M,0,0,0,0,0,0,0,0,0,0,0.0,0.0,0.0,0.0,0.0,0.0
7,18/08/2024,Toulouse,Nantes,0,0,0,0,0,0,0,0,0,0,0,0,0,0,0.0,0.0,M,M,M,M,M,M,M,M,M,M,0,0,0,0,0,0,0,0,0,0,0.0,0.0,0.0,0.0,0.0,0.0
8,18/08/2024,Rennes,Lyon,3,0,1,2,0,1,0,0,0,0,0,0,0,0,0.0,0.0,M,M,M,M,M,M,M,M,M,M,0,0,0,0,0,0,0,0,0,0,0.0,0.0,0.0,0.0,0.0,0.0
9,23/08/2024,Paris SG,Montpellier,6,0,1,2,0,1,4,1,1,1,1,0,0,0,1.5,0.5,M,M,M,M,M,M,M,M,M,M,0,0,0,0,0,0,0,0,0,0,1.5,0.0,0.5,0.0,1.0,0.0
10,24/08/2024,Lyon,Monaco,0,2,2,0,0,0,0,1,3,0,0,1,2,0,0.0,1.5,L,W,M,M,M,M,M,M,M,M,0,3,0,0,0,0,0,0,0,0,-1.5,0.5,-1.0,0.5,-1.5,-1.5
11,24/08/2024,Lille,Angers,2,0,1,1,0,1,2,0,0,1,1,0,0,1,1.5,0.0,W,L,M,M,M,M,M,M,M,M,3,0,0,0,0,0,0,0,0,0,1.0,-0.5,0.5,-0.5,1.5,1.5
12,24/08/2024,St Etienne,Le Havre,0,2,2,0,0,0,0,1,1,4,0,0,1,1,0.0,0.0,L,L,M,M,M,M,M,M,M,M,0,0,0,0,0,0,0,0,0,0,-0.5,-1.5,-0.5,-0.5,0.0,0.0
13,25/08/2024,Lens,Brest,2,0,1,2,0,1,1,1,0,5,1,1,0,3,1.5,0.0,W,L,M,M,M,M,M,M,M,M,3,0,0,0,0,0,0,0,0,0,0.5,-2.0,0.5,-1.0,1.5,1.5
14,25/08/2024,Nantes,Auxerre,2,0,1,1,0,1,0,2,0,1,0,1,0,1,0.5,1.5,D,W,M,M,M,M,M,M,M,M,1,3,0,0,0,0,0,0,0,0,0.0,0.5,0.0,0.0,-1.0,-1.0
15,25/08/2024,Nice,Toulouse,1,1,0,0,0,0,1,0,2,0,1,0,1,0,0.0,0.5,L,D,M,M,M,M,M,M,M,M,0,1,0,0,0,0,0,0,0,0,-0.5,0.0,0.0,0.0,-0.5,-0.5
16,25/08/2024,Strasbourg,Rennes,3,1,1,1,0,1,1,3,1,0,0,2,0,0,0.5,1.5,D,W,M,M,M,M,M,M,M,M,1,3,0,0,0,0,0,0,0,0,0.0,1.5,0.0,1.0,-1.0,-1.0
17,25/08/2024,Marseille,Reims,2,2,0,1,0,1,5,0,1,2,3,0,1,1,1.5,0.0,W,L,M,M,M,M,M,M,M,M,3,0,0,0,0,0,0,0,0,0,2.0,-1.0,1.0,-0.5,1.5,1.5
18,30/08/2024,Lyon,Strasbourg,4,3,1,1,1,0,0,4,5,2,0,1,2,0,0.0,1.3333333333333333,L,W,M,M,M,M,M,M,M,M,0,3,0,0,0,0,0,0,0,0,-1.6666666666666667,0.6666666666666666,-0.6666666666666666,0.3333333333333333,-1.3333333333333333,-1.0
19,31/08/2024,Brest,St Etienne,4,0,1,2,0,1,1,0,7,3,1,0,5,1,0.0,0.0,L,L,M,M,M,M,M,M,M,M,0,0,0,0,0,0,0,0,0,0,-2.0,-1.0,-1.3333333333333333,-0.3333333333333333,0.0,0.0
20,31/08/2024,Montpellier,Nantes,1,3,2,1,2,2,1,2,7,0,0,1,2,0,0.3333333333333333,1.3333333333333333,L,W,D,D,M,M,M,M,M,M,1,4,0,0,0,0,0,0,0,0,-2.0,0.6666666666666666,-0.6666666666666666,0.3333333333333333,-1.0,-1.0
21,31/08/2024,Toulouse,Marseille,1,3,2,0,2,2,1,7,1,3,0,4,0,1,0.6666666666666666,1.3333333333333333,D,D,D,W,M,M,M,M,M,M,2,4,0,0,0,0,0,0,0,0,0.0,1.3333333333333333,0.0,1.0,-0.6666666666666666,-0.6666666666666666
22,01/09/2024,Monaco,Lens,1,1,0,0,0,0,3,3,0,0,1,3,0,0,2.0,2.0,W,W,W,W,M,M,M,M,M,M,6,6,0,0,0,0,0,0,0,0,1.0,1.0,0.3333333333333333,1.0,0.0,0.0
23,01/09/2024,Angers,Nice,1,4,2,0,2,2,0,2,3,3,0,1,2,1,0.0,0.3333333333333333,L,D,L,L,M,M,M,M,M,M,0,1,0,0,0,0,0,0,0,0,-1.0,-0.3333333333333333,-0.6666666666666666,0.0,-0.3333333333333333,-0.3333333333333333
24,01/09/2024,Le Havre,Auxerre,3,1,1,1,1,0,3,2,4,3,0,1,1,2,1.0,1.0,W,L,L,W,M,M,M,M,M,M,3,3,0,0,0,0,0,0,0,0,-0.3333333333333333,-0.3333333333333333,-0.3333333333333333,-0.3333333333333333,0.0,0.0
25,01/09/2024,Reims,Rennes,2,1,1,1,1,0,2,4,4,3,0,2,2,1,0.3333333333333333,1.0,D,L,L,W,M,M,M,M,M,M,1,3,0,0,0,0,0,0,0,0,-0.6666666666666666,0.3333333333333333,-0.6666666666666666,0.3333333333333333,-0.6666666666666666,-0.6666666666666666
26,01/09/2024,Lille,Paris SG,1,3,2,0,2,2,4,10,0,1,2,3,0,0,2.0,2.0,W,W,W,W,M,M,M,M,M,M,6,6,0,0,0,0,0,0,0,0,1.3333333333333333,3.0,0.6666666666666666,1.0,0.0,0.0
27,13/09/2024,St Etienne,Lille,1,0,1,1,0,1,0,5,7,3,0,2,3,2,0.0,1.5,L,L,L,W,M,M,M,M,M,M,0,3,0,0,0,0,0,0,0,0,-1.75,0.5,-0.75,0.0,-1.5,-0.75
28,14/09/2024,Marseille,Nice,2,0,1,1,0,1,10,6,4,4,6,3,1,1,1.75,1.0,W,W,D,D,M,M,M,M,M,M,4,4,0,0,0,0,0,0,0,0,1.5,0.5,1.25,0.5,0.75,0.0
29,14/09/2024,Auxerre,Monaco,0,3,2,0,2,2,3,4,6,1,2,1,3,0,0.75,1.75,L,D,L,W,M,M,M,M,M,M,0,4,0,0,0,0,0,0,0,0,-0.75,0.75,-0.25,0.25,-1.0,-1.0
30,14/09/2024,Paris SG,Brest,3,1,1,1,1,0,13,5,2,7,5,3,0,5,2.25,0.75,W,W,W,L,W,L,M,M,M,M,9,3,0,0,0,0,0,0,0,0,2.75,-0.5,1.25,-0.5,1.5,1.5
31,15/09/2024,Rennes,Montpellier,3,0,1,2,0,1,5,2,5,10,3,1,2,4,0.75,0.25,L,L,L,L,W,D,M,M,M,M,3,1,0,0,0,0,0,0,0,0,0.0,-2.0,0.25,-0.75,0.5,0.5
32,15/09/2024,Nantes,Reims,1,2,2,1,1,0,5,4,1,5,3,1,1,3,1.75,1.0,W,W,W,D,D,L,M,M,M,M,7,4,0,0,0,0,0,0,0,0,1.0,-0.25,0.5,-0.5,0.75,0.75
33,15/09/2024,Strasbourg,Angers,1,1,0,1,0,1,7,1,6,7,2,0,1,4,1.0,0.0,L,L,W,L,D,L,M,M,M,M,4,0,0,0,0,0,0,0,0,0,0.25,-1.5,0.25,-1.0,1.0,1.0
34,15/09/2024,Toulouse,Le Havre,2,0,1,0,0,0,2,6,4,5,0,1,2,2,0.5,1.5,L,W,D,W,D,L,M,M,M,M,2,6,0,0,0,0,0,0,0,0,-0.5,0.25,-0.5,-0.25,-1.0,-1.0
35,15/09/2024,Lens,Lyon,0,0,0,0,0,0,4,4,1,8,3,1,0,3,1.75,0.75,D,W,W,L,W,L,M,M,M,M,7,3,0,0,0,0,0,0,0,0,0.75,-1.0,0.75,-0.5,1.0,1.0
36,20/09/2024,Nice,St Etienne,8,0,1,6,0,1,6,1,6,7,3,1,2,3,0.8,0.6,L,W,W,L,D,L,M,M,M,M,4,3,0,0,0,0,0,0,0,0,0.0,-1.2,0.2,-0.4,0.2,0.2
37,21/09/2024,Lille,Strasbourg,3,3,0,2,2,0,5,8,4,7,2,3,3,1,1.2,1.0,L,D,L,L,W,W,M,M,M,M,3,4,0,0,0,0,0,0,0,0,0.2,0.2,-0.2,0.4,0.2,-0.2
38,21/09/2024,Rennes,Lens,1,1,0,1,0,1,8,4,5,1,5,3,2,0,1.2,1.6,W,D,L,D,L,W,M,M,M,M,3,5,0,0,0,0,0,0,0,0,0.6,0.6,0.6,0.6,-0.4,-0.4
39,21/09/2024,Reims,Paris SG,1,1,0,1,0,1,6,16,6,3,2,6,4,1,1.4,2.4,W,W,W,W,D,W,M,M,M,M,7,9,0,0,0,0,0,0,0,0,0.0,2.6,-0.4,1.0,-1.0,-0.4
40,22/09/2024,Monaco,Le Havre,3,1,1,1,1,0,7,6,1,7,3,1,0,2,2.0,1.2,W,L,D,W,W,W,W,L,M,M,10,6,0,0,0,0,0,0,0,0,1.2,-0.2,0.6,-0.2,0.8,0.8
41,22/09/2024,Angers,Nantes,1,1,0,1,1,0,2,6,8,3,0,4,5,2,0.2,1.4,D,L,L,W,L,W,L,D,M,M,1,7,0,0,0,0,0,0,0,0,-1.2,0.6,-1.0,0.4,-1.2,-1.2
42,22/09/2024,Brest,Toulouse,2,0,1,1,0,1,6,4,10,4,4,0,6,2,0.6,1.0,L,W,W,L,L,D,L,D,M,M,3,5,0,0,0,0,0,0,0,0,-0.8,0.0,-0.4,-0.4,-0.4,-0.4
43,22/09/2024,Montpellier,Auxerre,3,2,1,0,1,2,2,3,13,9,1,2,6,5,0.2,0.6,L,L,L,L,L,L,D,W,M,M,1,3,0,0,0,0,0,0,0,0,-2.2,-1.2,-1.0,-0.6,-0.4,-0.4
44,22/09/2024,Lyon,Marseille,2,3,2,0,0,0,4,12,8,4,1,7,3,1,0.8,2.0,D,W,W,W,L,D,L,W,M,M,4,10,0,0,0,0,0,0,0,0,-0.8,1.6,-0.4,1.2,-1.2,-1.2
45,27/09/2024,Auxerre,Brest,3,0,1,2,0,1,5,8,12,10,3,5,5,6,0.5,1.0,L,W,L,L,L,W,L,L,M,M,0,6,0,0,0,0,0,0,0,0,-1.1666666666666667,-0.3333333333333333,-0.3333333333333333,-0.16666666666666666,-0.5,-1.0
46,27/09/2024,Paris SG,Rennes,3,1,1,1,0,1,17,9,4,6,6,6,2,2,2.1666666666666665,1.1666666666666667,D,D,W,W,W,L,W,L,M,M,10,4,0,0,0,0,0,0,0,0,2.1666666666666665,0.5,0.6666666666666666,0.6666666666666666,1.0,1.0
47,28/09/2024,Lens,Nice,0,0,0,0,0,0,5,14,2,6,3,9,1,2,1.5,1.1666666666666667,D,W,D,L,D,W,W,D,M,M,6,7,0,0,0,0,0,0,0,0,0.5,1.3333333333333333,0.3333333333333333,1.1666666666666667,0.3333333333333333,-0.16666666666666666
48,28/09/2024,Le Havre,Lille,0,3,2,0,2,2,7,8,10,7,2,4,3,5,1.0,1.1666666666666667,L,D,L,L,W,L,W,W,M,M,6,4,0,0,0,0,0,0,0,0,-0.5,0.16666666666666666,-0.16666666666666666,-0.16666666666666666,-0.16666666666666666,0.3333333333333333
49,28/09/2024,Monaco,Montpellier,2,1,1,1,1,0,10,5,2,15,4,1,1,7,2.1666666666666665,0.6666666666666666,W,W,W,L,D,L,W,L,M,M,10,3,0,0,0,0,0,0,0,0,1.3333333333333333,-1.6666666666666667,0.5,-1.0,1.5,1.1666666666666667
50,29/09/2024,Toulouse,Lyon,1,2,2,1,1,0,4,6,6,11,0,1,3,3,0.8333333333333334,0.6666666666666666,L,L,W,D,L,W,D,L,D,L,5,4,0,0,0,0,0,0,0,0,-0.3333333333333333,-0.8333333333333334,-0.5,-0.3333333333333333,0.16666666666666666,0.16666666666666666
51,29/09/2024,Angers,Reims,1,3,2,0,2,2,3,7,9,7,1,3,6,4,0.3333333333333333,1.3333333333333333,D,D,D,W,L,W,L,D,L,L,2,8,0,0,1,0,0,0,0,0,-1.0,0.0,-0.8333333333333334,-0.16666666666666666,-1.0,-1.0
52,29/09/2024,Nantes,St Etienne,2,2,0,1,0,1,7,1,4,15,5,1,3,9,1.3333333333333333,0.5,D,L,L,W,W,L,W,L,D,L,8,3,0,0,0,0,0,0,1,0,0.5,-2.3333333333333335,0.3333333333333333,-1.3333333333333333,0.8333333333333334,0.8333333333333334
53,29/09/2024,Strasbourg,Marseille,1,0,1,1,0,1,11,15,10,6,5,7,3,1,1.0,2.1666666666666665,D,W,D,W,L,W,W,D,D,W,6,13,0,0,0,0,0,0,0,0,0.16666666666666666,1.5,0.3333333333333333,1.0,-1.1666666666666667,-1.1666666666666667
54,04/10/2024,Marseille,Angers,1,1,0,0,0,0,15,4,7,12,7,1,2,8,1.8571428571428572,0.2857142857142857,L,L,W,D,W,D,W,L,D,L,10,2,0,0,0,0,0,0,0,0,1.1428571428571428,-1.1428571428571428,0.7142857142857143,-1.0,1.5714285714285714,1.1428571428571428
55,05/10/2024,St Etienne,Auxerre,3,1,1,1,0,1,3,8,17,12,1,5,10,5,0.5714285714285714,0.8571428571428571,D,W,L,L,W,L,L,L,L,L,4,3,0,0,0,0,0,0,1,0,-2.0,-0.5714285714285714,-1.2857142857142858,0.0,-0.2857142857142857,0.14285714285714285
56,05/10/2024,Lille,Toulouse,2,1,1,0,1,2,11,5,7,8,6,1,5,4,1.4285714285714286,0.7142857142857143,W,L,D,L,L,W,L,L,W,D,7,4,0,0,0,0,0,0,0,0,0.5714285714285714,-0.42857142857142855,0.14285714285714285,-0.42857142857142855,0.7142857142857143,0.42857142857142855
57,05/10/2024,Rennes,Monaco,1,2,2,1,2,2,10,12,9,3,6,5,3,2,1.0,2.2857142857142856,L,W,D,W,W,W,L,D,L,W,4,13,0,0,0,0,0,0,0,0,0.14285714285714285,1.2857142857142858,0.42857142857142855,0.42857142857142855,-1.2857142857142858,-1.2857142857142858
58,06/10/2024,Lyon,Nantes,2,0,1,1,0,1,8,9,12,6,2,6,4,3,1.0,1.2857142857142858,W,D,L,D,D,L,W,W,L,W,7,8,0,0,0,0,0,0,0,0,-0.5714285714285714,0.42857142857142855,-0.2857142857142857,0.42857142857142855,-0.2857142857142857,-0.14285714285714285
59,06/10/2024,Brest,Le Havre,2,0,1,1,0,1,8,7,13,13,5,2,8,5,0.8571428571428571,0.8571428571428571,L,L,W,L,L,L,W,W,L,W,6,6,0,0,0,0,0,0,0,0,-0.7142857142857143,-0.8571428571428571,-0.42857142857142855,-0.42857142857142855,0.0,0.0
60,06/10/2024,Reims,Montpellier,4,2,1,2,1,1,10,6,8,17,5,2,4,8,1.5714285714285714,0.5714285714285714,W,L,D,W,W,L,W,L,D,L,11,3,0,0,0,0,0,0,1,0,0.2857142857142857,-1.5714285714285714,0.14285714285714285,-0.8571428571428571,1.0,1.1428571428571428
61,06/10/2024,Strasbourg,Lens,2,2,0,1,2,2,12,5,10,2,6,3,3,1,1.2857142857142858,1.4285714285714286,W,D,D,D,D,D,L,D,W,W,8,7,0,0,0,0,0,0,0,0,0.2857142857142857,0.42857142857142855,0.42857142857142855,0.2857142857142857,-0.14285714285714285,0.14285714285714285
62,06/10/2024,Nice,Paris SG,1,1,0,1,0,1,14,20,6,5,9,7,2,2,1.1428571428571428,2.2857142857142856,D,W,W,D,L,W,W,W,D,W,8,13,0,0,0,0,1,0,0,0,1.1428571428571428,2.142857142857143,1.0,0.7142857142857143,-1.1428571428571428,-0.7142857142857143
63,18/10/2024,Monaco,Lille,0,0,0,0,0,0,14,13,4,8,7,6,3,6,2.375,1.625,W,W,W,W,W,D,W,L,D,L,13,7,0,0,0,0,0,0,0,0,1.25,0.625,0.5,0.0,0.75,0.75
64,19/10/2024,Brest,Rennes,1,1,0,0,0,0,10,11,13,11,6,7,8,5,1.125,0.875,W,L,L,L,W,D,L,W,W,L,9,4,0,0,0,0,0,0,0,0,-0.375,0.0,-0.25,0.25,0.25,0.625
65,19/10/2024,St Etienne,Lens,0,2,2,0,1,2,6,7,18,4,2,5,10,2,0.875,1.375,W,D,D,D,L,D,W,D,L,D,7,5,0,0,0,0,0,0,0,0,-1.5,0.375,-1.0,0.375,-0.5,0.25
66,19/10/2024,Paris SG,Strasbourg,4,2,1,1,0,1,21,14,6,12,7,7,3,5,2.125,1.25,D,D,W,W,D,D,W,D,W,L,11,6,0,0,0,0,0,0,0,0,1.875,0.25,0.5,0.25,0.875,0.625
67,20/10/2024,Le Havre,Lyon,0,4,2,0,1,2,7,10,15,12,2,3,6,4,0.75,1.25,L,W,L,W,L,L,L,D,W,W,3,10,0,0,0,0,0,0,0,0,-1.0,-0.25,-0.5,-0.125,-0.5,-0.875
68,20/10/2024,Auxerre,Reims,2,1,1,1,0,1,9,14,15,10,5,7,6,5,0.75,1.75,L,W,W,W,L,D,L,W,L,W,3,13,0,0,1,0,0,0,0,0,-0.75,0.5,-0.125,0.25,-1.0,-1.25
69,20/10/2024,Nantes,Nice,1,1,0,0,0,0,9,15,8,7,6,10,4,2,1.125,1.125,L,D,D,D,D,W,L,L,W,W,5,8,0,0,0,0,0,0,0,0,0.125,1.0,0.25,1.0,0.0,-0.375
70,20/10/2024,Toulouse,Angers,1,1,0,0,1,2,6,5,10,13,2,1,4,8,0.625,0.375,L,D,L,L,L,D,W,D,L,L,3,3,0,0,0,0,0,0,0,0,-0.5,-1.0,-0.25,-0.875,0.25,0.0
71,20/10/2024,Montpellier,Marseille,0,5,2,0,3,2,8,16,21,8,3,7,10,2,0.5,1.75,L,D,L,L,W,W,L,W,L,W,3,10,0,0,0,0,1,0,0,0,-1.625,1.0,-0.875,0.625,-1.25,-0.875
72,25/10/2024,Rennes,Le Havre,1,0,1,0,0,0,12,7,12,19,7,2,5,7,0.8888888888888888,0.6666666666666666,D,L,L,L,L,L,D,L,W,L,5,0,0,0,0,0,0,0,1,1,0.0,-1.3333333333333333,0.2222222222222222,-0.5555555555555556,0.2222222222222222,0.5555555555555556
73,26/10/2024,Angers,St Etienne,4,2,1,2,1,1,6,6,14,20,2,2,8,11,0.4444444444444444,0.7777777777777778,D,L,D,W,L,D,D,L,D,W,4,7,0,0,0,0,0,0,0,0,-0.8888888888888888,-1.5555555555555556,-0.6666666666666666,-1.0,-0.3333333333333333,-0.3333333333333333
74,26/10/2024,Reims,Brest,1,2,2,1,2,2,15,11,12,14,7,6,6,8,1.5555555555555556,1.1111111111111112,L,D,W,W,W,L,D,W,W,L,10,7,0,0,0,0,0,0,0,0,0.3333333333333333,-0.3333333333333333,0.1111111111111111,-0.2222222222222222,0.4444444444444444,0.3333333333333333
75,26/10/2024,Lens,Lille,0,2,2,0,0,0,9,13,4,8,6,6,2,6,1.5555555555555556,1.5555555555555556,W,D,D,W,D,W,D,D,D,L,7,8,0,0,0,0,0,0,0,0,0.5555555555555556,0.5555555555555556,0.4444444444444444,0.0,0.0,-0.1111111111111111
76,27/10/2024,Lyon,Auxerre,2,2,0,1,0,1,14,11,12,16,4,6,4,6,1.4444444444444444,1.0,W,W,W,L,W,W,L,L,D,L,10,6,0,0,0,0,0,0,0,0,0.2222222222222222,-0.5555555555555556,0.0,0.0,0.4444444444444444,0.4444444444444444
77,27/10/2024,Montpellier,Toulouse,0,3,2,0,3,2,8,7,26,11,3,2,13,5,0.4444444444444444,0.6666666666666666,L,D,L,L,L,L,W,L,L,W,3,4,0,0,0,0,0,0,0,0,-2.0,-0.4444444444444444,-1.1111111111111112,-0.3333333333333333,-0.2222222222222222,-0.1111111111111111
78,27/10/2024,Nice,Monaco,2,1,1,1,1,0,16,14,8,4,10,7,2,3,1.1111111111111112,2.2222222222222223,D,D,D,W,D,W,W,W,L,W,6,13,0,0,0,0,1,0,0,0,0.8888888888888888,1.1111111111111112,0.8888888888888888,0.4444444444444444,-1.1111111111111112,-0.7777777777777778
79,27/10/2024,Strasbourg,Nantes,3,1,1,1,0,1,16,10,16,9,7,6,6,4,1.1111111111111112,1.1111111111111112,L,D,D,L,W,D,D,D,D,L,6,3,0,0,0,0,0,0,0,0,0.0,0.1111111111111111,0.1111111111111111,0.2222222222222222,0.0,0.3333333333333333
80,27/10/2024,Marseille,Paris SG,0,3,2,0,3,2,21,25,8,8,10,8,2,3,1.8888888888888888,2.2222222222222223,W,W,D,D,L,W,W,D,W,W,10,11,0,0,0,0,0,0,0,0,1.4444444444444444,1.8888888888888888,0.8888888888888888,0.5555555555555556,-0.3333333333333333,-0.1111111111111111
81,01/11/2024,Monaco,Angers,0,1,2,0,1,2,15,10,6,16,8,4,4,9,2.0,0.7,L,W,D,D,W,D,W,L,W,D,10,6,1,0,0,0,0,0,0,0,0.9,-0.6,0.4,-0.5,1.3,0.4
82,01/11/2024,Lille,Lyon,1,1,0,1,0,1,15,16,8,14,6,5,6,4,1.7,1.4,W,D,D,W,W,W,W,W,D,L,11,10,0,0,0,0,0,0,0,0,0.7,0.2,0.0,0.1,0.3,0.1
83,02/11/2024,Paris SG,Lens,1,0,1,1,0,1,28,9,8,6,11,6,3,2,2.3,1.4,W,L,W,W,D,D,W,D,D,D,11,6,0,0,0,0,0,0,0,0,2.0,0.3,0.8,0.4,0.9,0.5
84,02/11/2024,Brest,Nice,0,1,2,0,1,2,13,18,15,9,8,11,9,3,1.3,1.3,W,W,D,D,W,D,L,D,W,W,10,9,0,0,0,0,0,0,0,0,-0.2,0.9,-0.1,0.8,0.0,0.1
85,02/11/2024,St Etienne,Strasbourg,2,0,1,0,0,0,8,19,24,17,3,8,13,6,0.7,1.3,L,W,L,L,W,D,D,W,L,D,4,8,0,0,0,0,0,0,0,0,-1.6,0.2,-1.0,0.2,-0.6,-0.4
86,03/11/2024,Toulouse,Reims,1,0,1,0,0,0,10,16,11,14,5,8,5,8,0.9,1.4,W,L,D,L,L,W,L,W,L,D,4,7,0,0,1,0,0,0,0,0,-0.1,0.2,0.0,0.0,-0.5,-0.3
87,03/11/2024,Auxerre,Rennes,4,0,1,2,0,1,13,13,18,12,6,7,7,5,1.0,1.1,D,W,W,D,L,L,W,L,L,D,7,5,0,0,0,0,0,0,0,0,-0.5,0.1,-0.1,0.2,-0.1,0.2
88,03/11/2024,Le Havre,Montpellier,1,0,1,0,0,0,7,8,20,29,2,3,7,16,0.6,0.4,L,L,L,L,L,L,L,L,L,W,0,3,0,0,1,1,0,0,0,0,-1.3,-2.1,-0.5,-1.3,0.2,-0.3
89,03/11/2024,Nantes,Marseille,1,2,2,1,1,0,11,21,12,11,6,10,5,5,1.0,1.7,L,L,D,W,L,D,D,L,D,W,3,7,0,0,0,0,0,0,0,0,-0.1,1.0,0.1,0.5,-0.7,-0.4
90,08/11/2024,Marseille,Auxerre,1,3,2,0,3,2,23,17,12,18,11,8,6,7,1.8181818181818181,1.1818181818181819,W,W,L,D,W,W,D,L,L,W,7,10,0,0,0,0,0,0,0,0,1.0,-0.09090909090909091,0.45454545454545453,0.09090909090909091,0.6363636363636364,-0.2727272727272727
91,09/11/2024,Strasbourg,Monaco,1,3,2,1,0,1,19,15,19,7,8,8,6,5,1.1818181818181819,1.8181818181818181,L,L,W,L,L,D,D,W,W,W,7,7,0,0,0,0,0,0,0,0,0.0,0.7272727272727273,0.18181818181818182,0.2727272727272727,-0.6363636363636364,0.0
92,09/11/2024,Lens,Nantes,3,2,1,1,1,0,9,12,7,14,6,7,3,6,1.2727272727272727,0.9090909090909091,L,L,L,L,W,D,D,L,D,D,5,2,0,0,0,0,0,0,0,0,0.18181818181818182,-0.18181818181818182,0.2727272727272727,0.09090909090909091,0.36363636363636365,0.2727272727272727
93,09/11/2024,Angers,Paris SG,2,4,2,0,4,2,11,29,16,8,5,12,9,3,0.9090909090909091,2.3636363636363638,W,W,W,W,D,W,D,D,L,W,8,13,0,0,0,0,0,0,0,0,-0.45454545454545453,1.9090909090909092,-0.36363636363636365,0.8181818181818182,-1.4545454545454546,-0.45454545454545453
94,10/11/2024,Nice,Lille,2,2,0,0,1,2,19,16,9,9,12,7,3,6,1.4545454545454546,1.6363636363636365,W,D,W,W,D,D,D,W,D,W,9,11,0,0,0,0,0,0,0,0,0.9090909090909091,0.6363636363636364,0.8181818181818182,0.09090909090909091,-0.18181818181818182,-0.18181818181818182
95,10/11/2024,Le Havre,Reims,0,3,2,0,2,2,8,16,20,15,2,8,7,8,0.8181818181818182,1.2727272727272727,W,L,L,L,L,L,L,W,L,W,3,6,0,0,1,0,0,0,0,0,-1.0909090909090908,0.09090909090909091,-0.45454545454545453,0.0,-0.45454545454545453,-0.2727272727272727
96,10/11/2024,Montpellier,Brest,3,1,1,2,0,1,8,13,30,16,3,8,16,10,0.36363636363636365,1.1818181818181819,L,L,L,W,L,D,L,W,L,L,0,7,0,0,1,1,0,0,0,0,-2.0,-0.2727272727272727,-1.1818181818181819,-0.18181818181818182,-0.8181818181818182,-0.6363636363636364
97,10/11/2024,Rennes,Toulouse,0,2,2,0,2,2,13,11,16,11,7,5,7,5,1.0,1.0909090909090908,L,W,W,W,D,D,L,L,L,L,4,7,0,0,0,0,0,0,0,0,-0.2727272727272727,0.0,0.0,0.0,-0.09090909090909091,-0.2727272727272727
98,10/11/2024,Lyon,St Etienne,1,0,1,1,0,1,17,10,15,24,5,3,5,13,1.3636363636363635,0.9090909090909091,D,W,D,L,W,L,W,W,W,D,11,7,1,0,0,0,0,0,0,0,0.18181818181818182,-1.2727272727272727,0.0,-0.9090909090909091,0.45454545454545453,0.36363636363636365
99,22/11/2024,Monaco,Brest,3,2,1,2,0,1,18,14,8,19,8,8,6,12,1.9166666666666667,1.0833333333333333,W,L,L,L,L,W,D,D,W,W,7,7,0,0,0,0,0,0,0,0,0.8333333333333334,-0.4166666666666667,0.16666666666666666,-0.3333333333333333,0.8333333333333334,0.0
100,22/11/2024,Paris SG,Toulouse,3,0,1,1,0,1,33,13,10,11,16,7,3,5,2.4166666666666665,1.25,W,W,W,W,W,W,W,D,D,L,13,10,0,0,0,0,0,0,0,0,1.9166666666666667,0.16666666666666666,1.0833333333333333,0.16666666666666666,1.1666666666666667,0.25
101,23/11/2024,Lens,Marseille,1,3,2,0,0,0,12,24,9,15,7,11,4,9,1.4166666666666667,1.6666666666666667,W,L,L,W,L,L,W,W,D,D,7,7,0,0,0,0,0,0,0,0,0.25,0.75,0.25,0.16666666666666666,-0.25,0.0
102,23/11/2024,St Etienne,Montpellier,1,0,1,0,0,0,10,11,25,31,3,5,14,16,0.8333333333333334,0.5833333333333334,L,W,W,L,L,L,L,L,W,L,6,3,0,0,0,0,0,0,1,0,-1.25,-1.6666666666666667,-0.9166666666666666,-0.9166666666666666,0.25,0.25
103,23/11/2024,Reims,Lyon,1,1,0,0,1,2,19,18,15,15,10,6,8,5,1.4166666666666667,1.5,W,W,L,D,L,D,L,W,W,W,6,11,0,0,0,0,0,0,0,0,0.3333333333333333,0.25,0.16666666666666666,0.08333333333333333,-0.08333333333333333,-0.4166666666666667
104,24/11/2024,Lille,Rennes,1,0,1,1,0,1,18,13,11,18,8,7,6,9,1.5833333333333333,0.9166666666666666,D,L,D,L,W,W,D,D,W,L,9,4,0,0,0,0,0,0,0,0,0.5833333333333334,-0.4166666666666667,0.16666666666666666,-0.16666666666666666,0.6666666666666666,0.4166666666666667
105,24/11/2024,Auxerre,Angers,1,0,1,0,0,0,20,13,19,20,11,5,7,13,1.3333333333333333,0.8333333333333334,W,L,W,W,D,W,W,D,L,D,10,8,0,0,0,0,0,0,0,0,0.08333333333333333,-0.5833333333333334,0.3333333333333333,-0.6666666666666666,0.5,0.16666666666666666
106,24/11/2024,Nantes,Le Havre,0,2,2,0,1,2,14,8,17,23,8,2,7,9,0.8333333333333334,0.75,L,L,L,W,L,L,D,L,L,L,1,3,0,0,0,0,0,0,1,0,-0.25,-1.25,0.08333333333333333,-0.5833333333333334,0.08333333333333333,-0.16666666666666666
107,24/11/2024,Nice,Strasbourg,2,1,1,0,1,2,21,20,11,22,12,9,4,6,1.4166666666666667,1.0833333333333333,D,L,W,L,W,W,D,L,D,D,9,4,0,0,0,0,0,0,0,0,0.8333333333333334,-0.16666666666666666,0.6666666666666666,0.25,0.3333333333333333,0.4166666666666667
108,29/11/2024,Reims,Lens,0,2,2,0,1,2,20,13,16,12,10,7,9,4,1.3846153846153846,1.3076923076923077,D,L,W,W,L,L,L,L,L,W,4,6,0,0,1,0,0,0,0,0,0.3076923076923077,0.07692307692307693,0.07692307692307693,0.23076923076923078,0.07692307692307693,-0.15384615384615385
109,30/11/2024,Rennes,St Etienne,5,0,1,2,0,1,13,11,19,25,7,3,10,14,0.8461538461538461,1.0,L,W,L,L,L,W,W,L,D,L,4,6,0,0,0,0,0,0,0,0,-0.46153846153846156,-1.0769230769230769,-0.23076923076923078,-0.8461538461538461,-0.15384615384615385,-0.15384615384615385
110,30/11/2024,Brest,Strasbourg,3,1,1,2,0,1,16,21,22,24,8,10,14,6,1.0,1.0,L,L,L,L,L,L,W,W,D,L,4,3,0,0,0,0,0,0,0,0,-0.46153846153846156,-0.23076923076923078,-0.46153846153846156,0.3076923076923077,0.0,0.07692307692307693
111,30/11/2024,Paris SG,Nantes,1,1,0,1,1,0,36,14,10,19,17,8,3,8,2.4615384615384617,0.7692307692307693,W,L,W,L,W,L,W,L,W,D,15,1,1,1,0,0,0,0,0,0,2.0,-0.38461538461538464,1.0769230769230769,0.0,1.6923076923076923,1.0769230769230769
112,01/12/2024,Montpellier,Lille,2,2,0,1,1,0,11,19,32,11,5,9,16,6,0.5384615384615384,1.6923076923076923,L,W,W,D,L,D,L,W,L,D,3,9,0,0,1,0,0,0,0,0,-1.6153846153846154,0.6153846153846154,-0.8461538461538461,0.23076923076923078,-1.1538461538461537,-0.46153846153846156
113,01/12/2024,Le Havre,Angers,0,1,2,0,0,0,10,13,23,21,3,5,9,13,0.9230769230769231,0.7692307692307693,W,L,L,L,W,W,L,W,L,D,6,7,0,0,0,0,0,0,0,0,-1.0,-0.6153846153846154,-0.46153846153846156,-0.6153846153846154,0.15384615384615385,-0.07692307692307693
114,01/12/2024,Lyon,Nice,4,1,1,3,1,1,19,23,16,12,7,12,5,5,1.4615384615384615,1.5384615384615385,D,W,W,D,D,W,D,W,W,D,9,11,0,0,0,0,0,0,0,0,0.23076923076923078,0.8461538461538461,0.15384615384615385,0.5384615384615384,-0.07692307692307693,-0.15384615384615385
115,01/12/2024,Toulouse,Auxerre,2,0,1,2,0,1,13,21,14,19,7,11,6,7,1.1538461538461537,1.4615384615384615,L,W,W,W,W,W,W,D,D,W,10,13,0,0,0,0,0,0,0,0,-0.07692307692307693,0.15384615384615385,0.07692307692307693,0.3076923076923077,-0.3076923076923077,-0.23076923076923078
116,01/12/2024,Marseille,Monaco,2,1,1,0,1,2,27,21,16,10,11,10,9,6,1.7692307692307692,2.0,W,W,L,W,W,L,L,L,W,D,9,7,0,0,0,0,0,0,0,0,0.8461538461538461,0.8461538461538461,0.15384615384615385,0.3076923076923077,-0.23076923076923078,0.15384615384615385
117,06/12/2024,Lille,Brest,3,1,1,2,0,1,21,19,13,23,10,10,7,14,1.6428571428571428,1.1428571428571428,D,W,W,L,D,L,D,L,W,W,9,6,0,0,0,0,0,0,0,0,0.5714285714285714,-0.2857142857142857,0.21428571428571427,-0.2857142857142857,0.5,0.21428571428571427
118,06/12/2024,Auxerre,Paris SG,0,0,0,0,0,0,21,37,21,11,11,18,9,4,1.3571428571428572,2.357142857142857,L,D,W,W,W,W,W,W,D,W,10,13,0,0,0,0,1,0,0,0,0.0,1.8571428571428572,0.14285714285714285,1.0,-1.0,-0.21428571428571427
119,07/12/2024,Monaco,Toulouse,2,0,1,0,0,0,22,15,12,14,11,9,6,6,1.8571428571428572,1.2857142857142858,L,W,W,L,W,W,L,W,L,W,6,12,0,0,0,0,1,0,0,0,0.7142857142857143,0.07142857142857142,0.35714285714285715,0.21428571428571427,0.5714285714285714,-0.42857142857142855
120,07/12/2024,Nice,Le Havre,2,1,1,0,0,0,24,10,16,24,13,3,8,9,1.4285714285714286,0.8571428571428571,L,L,W,W,D,L,W,W,W,L,10,6,0,0,0,0,0,0,0,0,0.5714285714285714,-1.0,0.35714285714285715,-0.42857142857142855,0.5714285714285714,0.2857142857142857
121,07/12/2024,Angers,Lyon,0,3,2,0,1,2,14,23,21,17,5,10,13,6,0.9285714285714286,1.5714285714285714,W,W,L,D,L,W,W,D,W,D,9,9,0,0,0,0,0,0,0,0,-0.5,0.42857142857142855,-0.5714285714285714,0.2857142857142857,-0.6428571428571429,0.0
122,08/12/2024,Lens,Montpellier,2,0,1,1,0,1,15,13,12,34,8,6,4,17,1.4285714285714286,0.5714285714285714,W,D,L,L,W,W,L,L,L,L,6,4,0,0,0,0,0,0,0,0,0.21428571428571427,-1.5,0.2857142857142857,-0.7857142857142857,0.8571428571428571,0.14285714285714285
123,08/12/2024,Nantes,Rennes,1,0,1,0,0,0,15,18,20,19,9,9,9,10,0.7857142857142857,1.0,D,W,L,L,L,L,L,L,L,W,1,6,0,0,1,0,0,0,0,0,-0.35714285714285715,-0.07142857142857142,0.0,-0.07142857142857142,-0.21428571428571427,-0.35714285714285715
124,08/12/2024,Strasbourg,Reims,0,0,0,0,0,0,22,20,27,18,10,10,8,10,0.9285714285714286,1.2857142857142858,L,L,L,D,L,W,L,L,W,L,3,4,0,0,0,0,0,0,0,0,-0.35714285714285715,0.14285714285714285,0.14285714285714285,0.0,-0.35714285714285715,-0.07142857142857142
125,08/12/2024,St Etienne,Marseille,0,2,2,0,1,2,11,29,30,17,3,11,16,10,0.9285714285714286,1.8571428571428572,L,W,W,W,L,L,W,W,L,L,6,9,0,0,0,0,0,0,0,0,-1.3571428571428572,0.8571428571428571,-0.9285714285714286,0.07142857142857142,-0.9285714285714286,-0.21428571428571427
126,13/12/2024,Toulouse,St Etienne,2,1,1,0,0,0,15,11,16,32,9,3,6,17,1.2,0.8666666666666667,L,L,W,L,L,W,W,L,W,W,9,6,0,0,0,0,0,0,0,0,-0.06666666666666667,-1.4,0.2,-0.9333333333333333,0.3333333333333333,0.2
127,14/12/2024,Marseille,Lille,1,1,0,1,0,1,31,24,17,14,12,12,10,7,1.9333333333333333,1.7333333333333334,W,W,W,D,W,W,L,D,W,D,12,9,0,0,0,0,0,0,0,0,0.9333333333333333,0.6666666666666666,0.13333333333333333,0.3333333333333333,0.2,0.2
128,14/12/2024,Auxerre,Lens,2,2,0,1,2,2,21,17,21,12,11,9,9,4,1.3333333333333333,1.5333333333333334,D,W,L,W,W,L,W,W,W,L,10,9,1,0,0,0,0,0,0,0,0.0,0.3333333333333333,0.13333333333333333,0.3333333333333333,-0.2,0.06666666666666667
129,14/12/2024,Reims,Monaco,0,0,0,0,0,0,20,24,18,12,10,11,10,6,1.2666666666666666,1.9333333333333333,D,W,L,L,D,W,W,W,L,L,5,9,0,0,0,0,0,0,0,0,0.13333333333333333,0.8,0.0,0.3333333333333333,-0.6666666666666666,-0.26666666666666666
130,15/12/2024,Montpellier,Nice,2,2,0,1,2,2,13,26,36,17,6,13,18,8,0.5333333333333333,1.5333333333333334,L,W,D,L,L,W,W,D,L,W,4,10,0,0,0,0,0,0,0,0,-1.5333333333333334,0.6,-0.8,0.3333333333333333,-1.0,-0.4
131,15/12/2024,Brest,Nantes,4,1,1,2,0,1,20,16,26,20,10,9,16,9,1.0666666666666667,0.9333333333333333,L,W,W,D,L,L,L,L,L,L,3,4,0,0,1,0,0,0,1,0,-0.4,-0.26666666666666666,-0.4,0.0,0.13333333333333333,-0.06666666666666667
132,15/12/2024,Le Havre,Strasbourg,0,3,2,0,2,2,11,22,26,27,3,10,9,8,0.8,0.9333333333333333,L,D,L,L,W,L,L,L,W,L,6,1,0,0,0,0,0,0,1,0,-1.0,-0.3333333333333333,-0.4,0.13333333333333333,-0.13333333333333333,0.3333333333333333
133,15/12/2024,Rennes,Angers,2,0,1,1,0,1,18,14,20,24,9,5,10,14,0.9333333333333333,0.8666666666666667,L,L,W,W,L,L,L,L,L,W,3,6,0,0,1,0,0,0,0,0,-0.13333333333333333,-0.6666666666666666,-0.06666666666666667,-0.6,0.06666666666666667,-0.2
134,15/12/2024,Paris SG,Lyon,3,1,1,2,1,1,37,26,11,17,18,11,4,6,2.2666666666666666,1.6666666666666667,D,W,D,W,W,D,W,W,W,D,11,11,1,0,0,0,0,0,0,0,1.7333333333333334,0.6,0.9333333333333333,0.3333333333333333,0.6,0.0
135,18/12/2024,Monaco,Paris SG,2,4,2,0,1,2,24,40,12,12,11,20,6,5,1.875,2.3125,D,W,W,D,L,D,W,W,W,W,10,11,0,0,0,0,0,0,0,0,0.75,1.75,0.3125,0.9375,-0.4375,-0.0625
136,03/01/2025,Nice,Rennes,3,2,1,3,1,1,28,20,19,20,15,10,9,10,1.5,1.0625,D,W,W,L,L,W,W,L,D,L,8,6,0,0,0,0,0,0,0,0,0.5625,0.0,0.375,0.0,0.4375,0.125
137,04/01/2025,St Etienne,Reims,3,1,1,0,1,2,12,20,34,18,3,10,17,10,0.8125,1.25,L,D,L,D,L,L,W,D,L,W,3,6,0,0,0,0,0,0,0,0,-1.375,0.125,-0.875,0.0,-0.4375,-0.1875
138,04/01/2025,Lille,Nantes,1,1,0,1,0,1,25,17,15,24,12,9,8,11,1.6875,0.875,D,L,W,W,D,D,W,L,D,L,9,4,0,0,0,0,0,0,0,0,0.625,-0.4375,0.25,-0.125,0.8125,0.3125
139,04/01/2025,Lyon,Montpellier,1,0,1,0,0,0,27,15,20,38,12,7,8,20,1.5625,0.5625,L,D,W,L,W,D,D,L,W,W,10,5,0,0,0,0,0,0,0,0,0.4375,-1.4375,0.25,-0.8125,1.0,0.3125
140,05/01/2025,Angers,Brest,2,0,1,1,0,1,14,24,26,27,5,12,15,16,0.8125,1.1875,L,W,L,L,W,W,L,L,L,L,3,6,0,0,0,0,0,0,0,0,-0.75,-0.1875,-0.625,-0.25,-0.375,-0.1875
141,05/01/2025,Lens,Toulouse,0,1,2,0,0,0,19,17,14,17,11,9,5,6,1.5,1.3125,D,W,W,L,W,W,L,L,W,W,10,9,0,0,0,0,0,0,0,0,0.3125,0.0,0.375,0.1875,0.1875,0.0625
142,05/01/2025,Strasbourg,Auxerre,3,1,1,1,1,0,25,23,27,23,12,12,8,11,1.0625,1.3125,W,D,D,D,L,L,L,W,L,W,4,8,0,0,1,0,0,0,0,0,-0.125,0.0,0.25,0.0625,-0.25,-0.25
143,05/01/2025,Marseille,Le Havre,5,1,1,3,0,1,32,11,18,29,13,3,10,11,1.875,0.75,D,L,W,L,W,L,W,W,L,L,10,3,0,0,0,0,0,0,0,0,0.875,-1.125,0.1875,-0.5,1.125,0.4375
144,10/01/2025,Nantes,Monaco,2,2,0,1,0,1,18,26,25,16,9,11,12,7,0.8823529411764706,1.7647058823529411,D,L,L,D,W,W,D,L,L,W,5,7,0,0,0,0,0,0,0,0,-0.4117647058823529,0.5882352941176471,-0.17647058823529413,0.23529411764705882,-0.8823529411764706,-0.11764705882352941
145,10/01/2025,Auxerre,Lille,0,0,0,0,0,0,24,26,26,16,13,13,12,8,1.2352941176470589,1.6470588235294117,L,D,D,D,D,W,L,D,W,W,5,9,0,0,0,0,0,0,0,0,-0.11764705882352941,0.5882352941176471,0.058823529411764705,0.29411764705882354,-0.4117647058823529,-0.23529411764705882
146,11/01/2025,Brest,Lyon,2,1,1,2,1,1,24,28,29,20,12,12,17,8,1.1176470588235294,1.6470588235294117,L,W,W,L,L,W,W,W,L,D,6,10,0,0,0,0,0,0,0,0,-0.29411764705882354,0.47058823529411764,-0.29411764705882354,0.23529411764705882,-0.5294117647058824,-0.23529411764705882
147,11/01/2025,Reims,Nice,2,4,2,1,2,2,21,31,21,21,11,18,10,10,1.1764705882352942,1.588235294117647,L,W,D,D,D,W,L,L,D,W,3,10,0,0,0,0,0,0,0,0,0.0,0.5882352941176471,0.058823529411764705,0.47058823529411764,-0.4117647058823529,-0.4117647058823529
148,11/01/2025,Rennes,Marseille,1,2,2,1,1,0,22,37,23,19,11,16,13,10,1.0,1.9411764705882353,L,W,W,D,L,W,W,W,L,W,6,13,0,0,0,0,1,0,0,0,-0.058823529411764705,1.0588235294117647,-0.11764705882352941,0.35294117647058826,-0.9411764705882353,-0.4117647058823529
149,12/01/2025,Le Havre,Lens,1,2,2,1,1,0,12,19,34,15,3,11,14,5,0.7058823529411765,1.411764705882353,L,L,L,D,L,W,L,W,W,L,3,7,0,0,0,0,0,0,0,0,-1.2941176470588236,0.23529411764705882,-0.6470588235294118,0.35294117647058826,-0.7058823529411765,-0.23529411764705882
150,12/01/2025,Montpellier,Angers,1,3,2,0,1,2,15,16,39,26,7,6,20,15,0.5294117647058824,0.9411764705882353,L,W,D,L,L,L,D,W,L,L,2,6,0,0,0,0,0,0,0,0,-1.411764705882353,-0.5882352941176471,-0.7647058823529411,-0.5294117647058824,-0.4117647058823529,-0.23529411764705882
151,12/01/2025,Toulouse,Strasbourg,1,2,2,1,2,2,18,28,17,28,9,13,6,9,1.411764705882353,1.1764705882352942,W,W,W,W,L,D,W,L,L,L,9,7,0,0,0,0,0,0,0,0,0.058823529411764705,0.0,0.17647058823529413,0.23529411764705882,0.23529411764705882,0.11764705882352941
152,12/01/2025,Paris SG,St Etienne,2,1,1,2,0,1,44,15,14,35,21,3,5,18,2.3529411764705883,0.9411764705882353,W,W,W,L,D,L,D,L,W,W,11,6,0,0,0,0,0,0,0,0,1.7647058823529411,-1.1764705882352942,0.9411764705882353,-0.8823529411764706,1.411764705882353,0.29411764705882354
153,17/01/2025,Montpellier,Monaco,2,1,1,0,1,2,16,28,42,18,7,11,21,8,0.5,1.7222222222222223,L,D,L,L,D,D,L,W,D,L,2,5,0,0,0,0,0,0,0,0,-1.4444444444444444,0.5555555555555556,-0.7777777777777778,0.16666666666666666,-1.2222222222222223,-0.16666666666666666
154,17/01/2025,Lille,Nice,2,1,1,0,1,2,26,35,16,23,13,20,8,11,1.6111111111111112,1.6666666666666667,D,W,D,W,D,D,W,W,D,L,7,10,0,0,0,0,0,0,0,0,0.5555555555555556,0.6666666666666666,0.2777777777777778,0.5,-0.05555555555555555,-0.16666666666666666
155,18/01/2025,Lens,Paris SG,1,2,2,1,0,1,21,46,16,15,12,23,6,5,1.5,2.388888888888889,W,W,L,W,D,W,W,D,W,D,10,11,0,0,0,0,0,0,0,0,0.2777777777777778,1.7222222222222223,0.3333333333333333,1.0,-0.8888888888888888,-0.05555555555555555
156,18/01/2025,Rennes,Brest,1,2,2,0,1,2,23,26,25,30,12,14,14,18,0.9444444444444444,1.2222222222222223,L,W,L,L,W,W,L,L,W,W,6,9,0,0,0,0,0,0,0,0,-0.1111111111111111,-0.2222222222222222,-0.1111111111111111,-0.2222222222222222,-0.2777777777777778,-0.16666666666666666
157,18/01/2025,Lyon,Toulouse,0,0,0,0,0,0,29,19,22,19,13,10,10,8,1.5555555555555556,1.3333333333333333,L,L,W,W,L,W,W,L,W,W,9,9,0,0,0,0,0,0,0,0,0.3888888888888889,0.0,0.16666666666666666,0.1111111111111111,0.2222222222222222,0.0
158,19/01/2025,St Etienne,Nantes,1,1,0,0,1,2,16,20,37,27,3,10,20,12,0.8888888888888888,0.8888888888888888,L,D,W,D,L,L,L,W,L,D,3,6,0,0,1,0,0,0,0,0,-1.1666666666666667,-0.3888888888888889,-0.9444444444444444,-0.1111111111111111,0.0,-0.16666666666666666
159,19/01/2025,Angers,Auxerre,2,0,1,1,0,1,19,24,27,26,7,13,15,12,1.0555555555555556,1.2222222222222223,W,D,W,L,L,D,L,D,W,L,9,3,0,0,0,0,0,0,0,0,-0.4444444444444444,-0.1111111111111111,-0.4444444444444444,0.05555555555555555,-0.16666666666666666,0.3333333333333333
160,19/01/2025,Reims,Le Havre,1,1,0,1,0,1,23,13,25,36,12,4,12,15,1.1111111111111112,0.6666666666666666,L,L,L,L,D,L,D,L,L,L,2,0,0,0,0,0,0,0,1,1,-0.1111111111111111,-1.2777777777777777,0.0,-0.6111111111111112,0.4444444444444444,0.1111111111111111
161,19/01/2025,Marseille,Strasbourg,1,1,0,0,1,2,39,30,20,29,17,15,11,10,2.0,1.2777777777777777,W,W,W,W,D,W,W,D,W,L,13,10,0,0,0,0,0,0,0,0,1.0555555555555556,0.05555555555555555,0.3333333333333333,0.2777777777777778,0.7222222222222222,0.16666666666666666
162,24/01/2025,Auxerre,St Etienne,1,1,0,1,1,0,24,17,28,38,13,3,13,21,1.1578947368421053,0.8947368421052632,L,D,D,L,L,W,D,L,D,L,3,4,0,0,0,0,0,0,0,0,-0.21052631578947367,-1.105263157894737,0.0,-0.9473684210526315,0.2631578947368421,-0.05263157894736842
163,25/01/2025,Monaco,Rennes,3,2,1,1,1,0,29,24,20,27,12,12,8,15,1.631578947368421,0.8947368421052632,L,L,D,L,L,L,D,W,W,L,5,3,0,0,0,0,0,0,0,0,0.47368421052631576,-0.15789473684210525,0.21052631578947367,-0.15789473684210525,0.7368421052631579,0.10526315789473684
164,25/01/2025,Strasbourg,Lille,2,1,1,0,1,2,31,28,30,17,16,13,10,9,1.263157894736842,1.6842105263157894,D,W,W,D,W,D,W,D,D,W,11,9,0,0,0,0,0,0,0,0,0.05263157894736842,0.5789473684210527,0.3157894736842105,0.21052631578947367,-0.42105263157894735,0.10526315789473684
165,25/01/2025,Paris SG,Reims,1,1,0,0,0,0,48,24,16,26,23,13,6,12,2.4210526315789473,1.105263157894737,W,D,W,L,W,L,W,D,D,D,13,3,0,0,0,0,0,0,0,0,1.6842105263157894,-0.10526315789473684,0.8947368421052632,0.05263157894736842,1.3157894736842106,0.5263157894736842
166,26/01/2025,Le Havre,Brest,0,1,2,0,1,2,14,28,37,31,4,15,16,18,0.6842105263157895,1.3157894736842106,D,W,L,W,L,L,L,W,L,L,1,9,0,0,1,0,0,0,0,0,-1.2105263157894737,-0.15789473684210525,-0.631578947368421,-0.15789473684210525,-0.631578947368421,-0.42105263157894735
167,26/01/2025,Lens,Angers,1,0,1,0,0,0,22,21,18,27,13,8,6,15,1.4210526315789473,1.1578947368421053,L,W,W,W,L,W,D,L,W,L,7,9,0,0,0,0,0,0,0,0,0.21052631578947367,-0.3157894736842105,0.3684210526315789,-0.3684210526315789,0.2631578947368421,-0.10526315789473684
168,26/01/2025,Nantes,Lyon,1,1,0,0,1,2,21,29,28,22,11,13,12,10,0.8947368421052632,1.5263157894736843,D,D,D,L,D,W,L,L,W,W,6,7,0,0,0,0,0,0,0,0,-0.3684210526315789,0.3684210526315789,-0.05263157894736842,0.15789473684210525,-0.631578947368421,-0.05263157894736842
169,26/01/2025,Toulouse,Montpellier,1,2,2,0,0,0,19,18,19,43,10,7,8,22,1.3157894736842106,0.631578947368421,D,W,L,L,W,L,W,D,L,L,7,4,0,0,0,0,0,0,0,0,0.0,-1.3157894736842106,0.10526315789473684,-0.7894736842105263,0.6842105263157895,0.15789473684210525
170,26/01/2025,Nice,Marseille,2,0,1,1,0,1,36,40,25,21,21,17,11,12,1.5789473684210527,1.9473684210526316,L,D,W,W,W,W,D,D,W,W,10,11,0,0,0,0,0,0,0,0,0.5789473684210527,1.0,0.5263157894736842,0.2631578947368421,-0.3684210526315789,-0.05263157894736842
171,31/01/2025,Montpellier,Lens,0,2,2,0,1,2,20,23,44,18,7,13,22,6,0.75,1.5,W,W,W,L,L,W,L,L,D,D,7,7,0,0,0,0,0,0,0,0,-1.2,0.25,-0.75,0.35,-0.75,0.0
172,01/02/2025,Brest,Paris SG,2,5,2,0,1,2,29,49,31,17,16,23,18,6,1.4,2.35,W,D,W,W,W,W,L,W,W,W,12,13,0,0,0,0,1,0,0,0,-0.1,1.6,-0.1,0.85,-0.95,-0.05
173,01/02/2025,Monaco,Auxerre,4,2,1,1,2,2,32,25,22,29,13,14,9,14,1.7,1.15,W,D,L,L,D,D,L,L,D,D,5,3,0,0,0,0,0,0,0,0,0.5,-0.2,0.2,0.0,0.55,0.1
174,01/02/2025,Lille,St Etienne,4,1,1,1,1,0,29,18,19,39,14,4,9,22,1.6,0.9,L,D,W,D,D,L,D,W,D,L,6,5,0,0,0,0,0,0,0,0,0.5,-1.05,0.25,-0.9,0.7,0.05
175,02/02/2025,Toulouse,Nice,1,1,0,0,1,2,20,38,21,25,10,22,8,11,1.25,1.65,L,W,D,L,L,W,W,W,W,D,7,10,0,0,0,0,0,0,0,0,-0.05,0.65,0.1,0.55,-0.4,-0.15
176,02/02/2025,Angers,Le Havre,1,1,0,0,0,0,21,14,28,38,8,4,15,17,1.1,0.65,L,L,W,D,W,L,W,L,L,L,9,1,0,0,0,0,0,0,1,0,-0.35,-1.2,-0.35,-0.65,0.45,0.4
177,02/02/2025,Reims,Nantes,1,2,2,1,1,0,25,22,27,29,13,11,12,13,1.1,0.9,D,D,D,D,L,D,L,D,D,L,3,4,0,0,0,0,0,0,0,0,-0.1,-0.35,0.05,-0.1,0.2,-0.05
178,02/02/2025,Rennes,Strasbourg,1,0,1,0,0,0,26,33,30,31,13,16,16,11,0.85,1.35,L,W,L,D,L,W,L,W,W,W,3,13,0,0,0,0,1,0,0,0,-0.2,0.1,-0.15,0.25,-0.5,-0.5
179,02/02/2025,Marseille,Lyon,3,2,1,0,0,0,40,30,23,23,17,14,13,10,1.85,1.5,L,D,D,D,W,L,W,W,D,L,8,5,0,0,0,0,0,0,0,0,0.85,0.35,0.2,0.2,0.35,0.15
180,07/02/2025,Nantes,Brest,0,2,2,0,1,2,24,31,30,36,12,16,14,19,1.0,1.3333333333333333,W,L,D,W,D,W,D,W,D,L,7,9,0,0,0,0,0,0,0,0,-0.2857142857142857,-0.23809523809523808,-0.09523809523809523,-0.14285714285714285,-0.3333333333333333,-0.09523809523809523
181,07/02/2025,Paris SG,Monaco,4,1,1,1,1,0,54,36,19,24,24,14,6,11,2.380952380952381,1.7619047619047619,W,W,D,W,W,L,W,D,W,L,13,7,1,0,0,0,0,0,0,0,1.6666666666666667,0.5714285714285714,0.8571428571428571,0.14285714285714285,0.6190476190476191,0.2857142857142857
182,08/02/2025,Nice,Lens,2,0,1,1,0,1,39,25,26,18,23,14,11,6,1.619047619047619,1.5714285714285714,D,W,W,W,L,L,W,W,W,L,10,9,0,0,0,0,0,0,0,0,0.6190476190476191,0.3333333333333333,0.5714285714285714,0.38095238095238093,0.047619047619047616,0.047619047619047616
183,08/02/2025,Lille,Le Havre,1,2,2,0,1,2,33,15,20,39,15,4,10,17,1.6666666666666667,0.6666666666666666,W,D,L,L,W,D,D,L,D,L,8,2,0,0,0,0,0,0,0,0,0.6190476190476191,-1.1428571428571428,0.23809523809523808,-0.6190476190476191,1.0,0.2857142857142857
184,08/02/2025,St Etienne,Rennes,0,2,2,0,1,2,19,27,43,30,5,13,23,16,0.8571428571428571,0.9523809523809523,L,W,D,L,D,L,L,L,W,L,5,3,0,0,0,0,0,0,1,0,-1.1428571428571428,-0.14285714285714285,-0.8571428571428571,-0.14285714285714285,-0.09523809523809523,0.09523809523809523
185,09/02/2025,Lyon,Reims,4,0,1,1,0,1,32,26,26,29,14,14,10,13,1.4285714285714286,1.0476190476190477,L,L,D,D,D,D,L,L,W,L,5,2,0,0,0,0,0,0,0,0,0.2857142857142857,-0.14285714285714285,0.19047619047619047,0.047619047619047616,0.38095238095238093,0.14285714285714285
186,09/02/2025,Auxerre,Toulouse,2,2,0,0,0,0,27,21,33,22,16,10,15,9,1.0952380952380953,1.2380952380952381,L,D,D,L,L,D,D,L,L,W,2,5,0,0,0,0,0,0,0,0,-0.2857142857142857,-0.047619047619047616,0.047619047619047616,0.047619047619047616,-0.14285714285714285,-0.14285714285714285
187,09/02/2025,Strasbourg,Montpellier,2,0,1,1,0,1,33,20,32,46,16,7,11,23,1.2857142857142858,0.7142857142857143,L,L,W,W,D,W,W,L,W,L,10,6,0,0,0,0,0,0,0,0,0.047619047619047616,-1.2380952380952381,0.23809523809523808,-0.7619047619047619,0.5714285714285714,0.19047619047619047
188,09/02/2025,Angers,Marseille,0,2,2,0,0,0,22,43,29,25,8,17,15,13,1.0952380952380953,1.9047619047619047,D,W,L,L,W,D,W,W,W,W,10,10,1,0,0,0,0,0,0,0,-0.3333333333333333,0.8571428571428571,-0.3333333333333333,0.19047619047619047,-0.8095238095238095,0.0
189,14/02/2025,Brest,Auxerre,2,2,0,0,1,2,33,29,36,35,17,16,19,15,1.4090909090909092,1.0909090909090908,W,D,L,L,W,D,W,L,W,D,12,3,1,0,0,0,0,0,0,0,-0.13636363636363635,-0.2727272727272727,-0.09090909090909091,0.045454545454545456,0.3181818181818182,0.4090909090909091
190,15/02/2025,Marseille,St Etienne,5,1,1,1,0,1,45,19,25,45,17,5,13,24,1.9545454545454546,0.8181818181818182,W,L,W,L,L,D,D,D,W,L,10,2,0,0,0,0,0,0,0,0,0.9090909090909091,-1.1818181818181819,0.18181818181818182,-0.8636363636363636,1.1363636363636365,0.36363636363636365
191,15/02/2025,Monaco,Nantes,7,1,1,2,1,1,37,24,28,32,15,12,12,15,1.6818181818181819,0.9545454545454546,L,L,W,W,W,D,L,D,D,D,7,6,0,0,0,0,0,0,0,0,0.4090909090909091,-0.36363636363636365,0.13636363636363635,-0.13636363636363635,0.7272727272727273,0.045454545454545456
192,15/02/2025,Toulouse,Paris SG,0,1,2,0,0,0,23,58,24,20,10,25,9,7,1.2272727272727273,2.409090909090909,D,W,D,W,L,D,D,W,L,W,3,13,0,0,0,0,0,0,0,0,-0.045454545454545456,1.7272727272727273,0.045454545454545456,0.8181818181818182,-1.1818181818181819,-0.45454545454545453
193,16/02/2025,Montpellier,Lyon,1,4,2,1,1,0,20,36,48,26,7,15,24,10,0.6818181818181818,1.5,L,W,L,L,W,D,W,D,L,L,6,5,0,0,0,0,0,0,0,0,-1.2727272727272727,0.45454545454545453,-0.7727272727272727,0.22727272727272727,-0.8181818181818182,0.045454545454545456
194,16/02/2025,Le Havre,Nice,1,3,2,1,2,2,17,41,40,26,5,24,17,11,0.7727272727272727,1.6818181818181819,W,W,D,D,L,W,D,L,L,W,5,10,0,0,0,0,0,0,0,0,-1.0454545454545454,0.6818181818181818,-0.5454545454545454,0.5909090909090909,-0.9090909090909091,-0.22727272727272727
195,16/02/2025,Lens,Strasbourg,0,2,2,0,0,0,25,35,20,32,14,17,7,11,1.5,1.3636363636363635,L,W,W,L,W,W,L,D,W,W,9,10,0,0,0,0,0,0,0,0,0.22727272727272727,0.13636363636363635,0.3181818181818182,0.2727272727272727,0.13636363636363635,-0.045454545454545456
196,16/02/2025,Reims,Angers,0,1,2,0,1,2,26,22,33,31,14,8,14,15,1.0,1.0454545454545454,L,L,L,D,D,L,D,W,L,W,2,7,0,0,0,0,0,0,0,0,-0.3181818181818182,-0.4090909090909091,0.0,-0.3181818181818182,-0.045454545454545456,-0.22727272727272727
197,16/02/2025,Rennes,Lille,0,2,2,0,0,0,29,34,30,22,14,15,16,11,1.0454545454545454,1.5909090909090908,W,L,W,W,L,L,L,W,L,D,6,7,0,0,1,0,0,0,0,0,-0.045454545454545456,0.5454545454545454,-0.09090909090909091,0.18181818181818182,-0.5454545454545454,-0.045454545454545456
198,21/02/2025,Rennes,Reims,1,0,1,1,0,1,29,26,32,34,14,14,16,15,1.0,0.9565217391304348,L,L,W,L,W,L,L,D,L,D,6,2,0,0,0,0,0,0,0,0,-0.13043478260869565,-0.34782608695652173,-0.08695652173913043,-0.043478260869565216,0.043478260869565216,0.17391304347826086
199,22/02/2025,Lille,Monaco,2,1,1,2,1,1,36,44,22,29,15,17,11,13,1.6521739130434783,1.7391304347826086,W,W,L,L,W,W,L,W,W,L,9,9,0,0,0,0,0,0,0,0,0.6086956521739131,0.6521739130434783,0.17391304347826086,0.17391304347826086,-0.08695652173913043,0.0
200,22/02/2025,St Etienne,Angers,3,3,0,1,2,2,20,23,50,31,5,9,25,15,0.782608695652174,1.1304347826086956,L,W,L,L,L,D,D,L,D,W,2,7,0,0,0,0,0,0,0,0,-1.3043478260869565,-0.34782608695652173,-0.8695652173913043,-0.2608695652173913,-0.34782608695652173,-0.21739130434782608
201,22/02/2025,Auxerre,Marseille,3,0,1,1,0,1,31,50,37,26,17,18,15,13,1.0869565217391304,2.0,D,W,D,W,L,W,D,L,L,D,3,10,0,0,0,0,0,0,0,0,-0.2608695652173913,1.0434782608695652,0.08695652173913043,0.21739130434782608,-0.9130434782608695,-0.30434782608695654
202,23/02/2025,Nantes,Lens,3,1,1,1,0,1,25,25,39,22,13,14,17,7,0.9130434782608695,1.434782608695652,L,L,L,L,W,W,D,W,D,L,5,6,0,0,0,0,0,0,0,0,-0.6086956521739131,0.13043478260869565,-0.17391304347826086,0.30434782608695654,-0.5217391304347826,-0.043478260869565216
203,23/02/2025,Le Havre,Toulouse,1,4,2,0,1,2,18,23,43,25,6,10,19,9,0.7391304347826086,1.173913043478261,L,L,W,D,D,D,L,L,D,D,5,3,0,0,0,0,0,0,0,0,-1.0869565217391304,-0.08695652173913043,-0.5652173913043478,0.043478260869565216,-0.43478260869565216,0.08695652173913043
204,23/02/2025,Nice,Montpellier,2,0,1,1,0,1,44,21,27,52,26,8,12,25,1.7391304347826086,0.6521739130434783,W,L,W,L,D,L,W,W,L,W,10,6,0,0,0,0,0,0,0,0,0.7391304347826086,-1.3478260869565217,0.6086956521739131,-0.7391304347826086,1.0869565217391304,0.17391304347826086
205,23/02/2025,Strasbourg,Brest,0,0,0,0,0,0,37,35,32,38,17,17,11,20,1.434782608695652,1.391304347826087,W,D,W,W,L,L,W,W,D,W,10,10,0,0,0,0,0,0,0,0,0.21739130434782608,-0.13043478260869565,0.2608695652173913,-0.13043478260869565,0.043478260869565216,0.0
206,23/02/2025,Lyon,Paris SG,2,3,2,0,0,0,40,59,27,20,16,25,11,7,1.565217391304348,2.4347826086956523,W,W,W,W,L,W,D,D,D,W,8,13,0,0,0,0,0,0,0,0,0.5652173913043478,1.6956521739130435,0.21739130434782608,0.782608695652174,-0.8695652173913043,-0.21739130434782608
207,28/02/2025,Monaco,Reims,3,0,1,2,0,1,45,26,31,35,18,14,15,16,1.6666666666666667,0.9166666666666666,L,L,W,L,L,L,W,L,W,D,9,1,0,0,0,0,0,0,0,0,0.5833333333333334,-0.375,0.125,-0.08333333333333333,0.75,0.3333333333333333
208,01/03/2025,St Etienne,Nice,1,3,2,1,1,0,23,46,53,27,6,27,27,12,0.7916666666666666,1.7916666666666667,D,W,L,W,L,W,L,D,D,W,2,13,0,0,0,0,0,0,0,0,-1.25,0.7916666666666666,-0.875,0.625,-1.0,-0.4583333333333333
209,01/03/2025,Lens,Le Havre,3,4,2,2,2,0,26,19,25,47,14,6,8,20,1.375,0.7083333333333334,L,L,L,L,L,W,W,D,W,L,6,4,0,0,0,0,0,0,0,0,0.041666666666666664,-1.1666666666666667,0.25,-0.5833333333333334,0.6666666666666666,0.08333333333333333
210,01/03/2025,Paris SG,Lille,4,1,1,4,0,1,62,38,22,23,25,17,7,12,2.4583333333333335,1.7083333333333333,W,W,W,W,W,L,W,W,D,L,13,9,0,0,0,0,0,0,0,0,1.6666666666666667,0.625,0.75,0.20833333333333334,0.75,0.16666666666666666
211,02/03/2025,Lyon,Brest,2,1,1,1,1,0,42,35,30,38,16,17,11,20,1.5,1.375,L,D,W,D,W,W,L,L,D,W,7,8,0,0,0,0,0,0,0,0,0.5,-0.125,0.20833333333333334,-0.125,0.125,-0.041666666666666664
212,02/03/2025,Angers,Toulouse,0,4,2,0,0,0,26,27,34,26,11,11,16,9,1.125,1.25,D,W,W,L,L,D,D,D,L,L,5,5,0,0,0,0,0,0,0,0,-0.3333333333333333,0.041666666666666664,-0.20833333333333334,0.08333333333333333,-0.125,0.0
213,02/03/2025,Auxerre,Strasbourg,0,1,2,0,0,0,34,37,37,32,18,17,15,11,1.1666666666666667,1.4166666666666667,W,D,D,W,D,W,L,L,D,W,6,10,0,0,0,0,0,0,0,0,-0.125,0.20833333333333334,0.125,0.25,-0.25,-0.16666666666666666
214,02/03/2025,Montpellier,Rennes,0,4,2,0,1,2,21,30,54,32,8,15,26,16,0.625,1.0833333333333333,L,W,L,L,L,W,L,W,W,L,3,9,0,0,0,0,0,0,0,0,-1.375,-0.08333333333333333,-0.75,-0.041666666666666664,-0.4583333333333333,-0.25
215,02/03/2025,Marseille,Nantes,2,0,1,0,0,0,50,28,29,40,18,14,14,17,1.9166666666666667,1.0,L,W,W,L,W,L,W,W,L,D,9,7,0,0,0,0,0,0,0,0,0.875,-0.5,0.16666666666666666,-0.125,0.9166666666666666,0.08333333333333333
216,07/03/2025,Toulouse,Monaco,1,1,0,0,1,2,31,48,26,31,11,20,9,15,1.32,1.72,W,W,W,L,L,W,D,L,D,W,8,9,0,0,0,0,0,0,0,0,0.2,0.68,0.08,0.2,-0.4,-0.04
217,08/03/2025,Rennes,Paris SG,1,4,2,0,1,2,34,66,32,23,16,29,16,7,1.16,2.48,W,W,W,W,L,W,W,W,W,W,12,15,0,0,0,0,1,1,0,0,0.08,1.72,0.0,0.88,-1.32,-0.12
218,08/03/2025,Lille,Montpellier,1,0,1,0,0,0,39,21,27,58,17,8,16,27,1.64,0.6,L,L,W,L,W,L,L,L,W,L,9,0,0,0,0,0,0,0,1,1,0.48,-1.48,0.04,-0.76,1.04,0.36
219,08/03/2025,Marseille,Lens,0,1,2,0,0,0,52,29,29,29,18,16,14,10,1.96,1.32,W,L,L,L,W,L,W,L,W,W,12,3,1,0,0,0,0,0,0,0,0.92,0.0,0.16,0.24,0.64,0.36
220,09/03/2025,Brest,Angers,2,0,1,1,0,1,36,26,40,38,18,11,21,16,1.32,1.08,L,L,D,D,D,W,W,L,L,D,5,5,0,0,0,0,0,0,0,0,-0.16,-0.48,-0.12,-0.2,0.24,0.0
221,09/03/2025,Le Havre,St Etienne,1,1,0,1,1,0,23,24,50,56,8,7,22,28,0.8,0.76,W,L,L,D,L,L,W,L,D,L,7,1,0,0,0,0,0,0,1,0,-1.08,-1.28,-0.56,-0.84,0.04,0.24
222,09/03/2025,Nantes,Strasbourg,0,1,2,0,0,0,28,38,42,32,14,17,17,11,0.96,1.48,L,W,W,D,L,W,L,W,W,L,6,10,0,0,0,0,0,0,0,0,-0.56,0.24,-0.12,0.24,-0.52,-0.16
223,09/03/2025,Reims,Auxerre,0,2,2,0,2,2,26,34,38,38,14,18,18,15,0.88,1.12,L,L,L,W,L,D,L,D,L,L,0,5,0,0,1,1,0,0,0,0,-0.48,-0.16,-0.16,0.12,-0.24,-0.2
224,09/03/2025,Nice,Lyon,0,2,2,0,0,0,49,44,28,31,28,17,13,12,1.84,1.56,W,W,W,L,W,W,W,W,D,L,13,9,0,0,0,0,0,0,0,0,0.84,0.52,0.6,0.2,0.28,0.16
225,14/03/2025,Nice,Auxerre,1,1,0,1,0,1,49,36,30,38,28,20,13,15,1.7692307692307692,1.1923076923076923,L,W,W,L,W,W,W,D,W,D,12,8,1,0,0,0,0,0,0,0,0.7307692307692307,-0.07692307692307693,0.5769230769230769,0.19230769230769232,0.5769230769230769,0.15384615384615385
226,15/03/2025,Nantes,Lille,1,0,1,0,0,0,28,40,43,27,14,17,17,16,0.9230769230769231,1.6923076923076923,L,W,L,L,W,W,L,W,L,L,3,9,0,0,0,0,0,0,0,0,-0.5769230769230769,0.5,-0.11538461538461539,0.038461538461538464,-0.7692307692307693,-0.23076923076923078
227,15/03/2025,Angers,Monaco,0,2,2,0,0,0,26,49,40,32,11,21,17,15,1.0384615384615385,1.6923076923076923,L,D,L,W,D,L,W,W,L,L,4,7,0,0,0,0,0,0,0,0,-0.5384615384615384,0.6538461538461539,-0.23076923076923078,0.23076923076923078,-0.6538461538461539,-0.11538461538461539
228,15/03/2025,Lens,Rennes,1,0,1,0,0,0,30,35,29,36,16,16,10,17,1.3846153846153846,1.1153846153846154,W,L,L,W,L,W,L,L,L,W,3,9,0,0,1,0,0,0,0,0,0.038461538461538464,-0.038461538461538464,0.23076923076923078,-0.038461538461538464,0.2692307692307692,-0.23076923076923078
229,16/03/2025,Lyon,Le Havre,4,2,1,1,2,2,46,24,31,51,17,9,12,23,1.6153846153846154,0.8076923076923077,W,D,W,W,L,L,W,L,W,W,12,7,0,0,0,0,0,0,0,0,0.5769230769230769,-1.0384615384615385,0.19230769230769232,-0.5384615384615384,0.8076923076923077,0.19230769230769232
230,16/03/2025,Brest,Reims,0,0,0,0,0,0,38,26,40,40,19,14,21,20,1.3846153846153846,0.8461538461538461,W,L,L,L,D,L,D,L,W,L,8,0,0,0,0,0,0,0,1,1,-0.07692307692307693,-0.5384615384615384,-0.07692307692307693,-0.23076923076923078,0.5384615384615384,0.3076923076923077
231,16/03/2025,Strasbourg,Toulouse,2,1,1,0,1,2,39,32,32,27,17,11,11,10,1.5384615384615385,1.3076923076923077,W,D,W,W,D,W,W,L,W,D,13,8,0,0,0,0,0,0,0,0,0.2692307692307692,0.19230769230769232,0.23076923076923078,0.038461538461538464,0.23076923076923078,0.19230769230769232
232,16/03/2025,Paris SG,Marseille,3,1,1,2,0,1,70,52,24,30,30,18,7,14,2.5,1.8846153846153846,W,L,W,W,W,L,W,W,W,W,15,9,1,1,0,0,0,0,0,0,1.7692307692307692,0.8461538461538461,0.8846153846153846,0.15384615384615385,0.6153846153846154,0.23076923076923078
233,28/03/2025,Strasbourg,Lyon,4,2,1,0,0,0,39,46,32,31,17,17,11,12,1.5384615384615385,1.6153846153846154,W,W,W,W,D,L,W,W,W,W,13,12,0,0,0,0,0,0,0,0,0.2692307692307692,0.5769230769230769,0.23076923076923078,0.19230769230769232,-0.07692307692307693,0.038461538461538464
234,29/03/2025,Reims,Marseille,3,1,1,1,0,1,26,53,40,33,14,18,20,16,0.8518518518518519,1.8148148148148149,D,L,L,L,L,W,L,L,L,W,1,6,0,0,1,0,0,0,0,0,-0.5185185185185185,0.7407407407407407,-0.2222222222222222,0.07407407407407407,-0.9629629629629629,-0.18518518518518517
235,29/03/2025,St Etienne,Paris SG,1,6,2,1,1,0,26,73,63,25,9,32,30,7,0.7407407407407407,2.5185185185185186,L,W,D,W,L,W,D,W,L,W,2,15,0,0,0,0,1,1,0,0,-1.3703703703703705,1.7777777777777777,-0.7777777777777778,0.9259259259259259,-1.7777777777777777,-0.48148148148148145
236,29/03/2025,Monaco,Nice,2,1,1,0,1,2,51,50,32,31,21,29,15,13,1.7407407407407407,1.7407407407407407,W,D,D,L,W,W,L,W,W,W,10,10,0,0,0,0,1,0,0,0,0.7037037037037037,0.7037037037037037,0.2222222222222222,0.5925925925925926,0.0,0.0
237,30/03/2025,Toulouse,Brest,2,4,2,0,2,2,33,38,29,40,12,19,10,21,1.2592592592592593,1.3703703703703705,L,D,D,W,W,L,W,D,L,D,7,6,0,0,0,0,0,0,0,0,0.14814814814814814,-0.07407407407407407,0.07407407407407407,-0.07407407407407407,-0.1111111111111111,0.037037037037037035
238,30/03/2025,Angers,Rennes,0,3,2,0,1,2,26,35,42,37,11,16,17,17,1.0,1.0740740740740742,L,L,L,L,L,W,D,W,W,L,4,6,0,0,0,0,0,0,0,0,-0.5925925925925926,-0.07407407407407407,-0.2222222222222222,-0.037037037037037035,-0.07407407407407407,-0.07407407407407407
239,30/03/2025,Auxerre,Montpellier,1,0,1,0,0,0,37,21,39,60,20,8,16,27,1.1851851851851851,0.5555555555555556,D,L,W,L,L,L,W,L,D,L,8,0,0,0,0,0,0,0,1,1,-0.07407407407407407,-1.4444444444444444,0.14814814814814814,-0.7037037037037037,0.6296296296296297,0.2962962962962963
240,30/03/2025,Le Havre,Nantes,3,2,1,2,1,1,26,29,55,43,11,14,24,17,0.7777777777777778,1.0,L,W,D,L,W,L,L,W,L,L,4,6,0,0,0,0,0,0,0,0,-1.0740740740740742,-0.5185185185185185,-0.48148148148148145,-0.1111111111111111,-0.2222222222222222,-0.07407407407407407
241,30/03/2025,Lille,Lens,1,0,1,1,0,1,40,31,28,29,17,16,16,10,1.6296296296296295,1.4444444444444444,L,W,W,W,L,L,W,L,W,L,9,6,0,0,0,0,0,0,1,0,0.4444444444444444,0.07407407407407407,0.037037037037037035,0.2222222222222222,0.18518518518518517,0.1111111111111111
242,04/04/2025,Nice,Nantes,1,2,2,1,2,2,50,29,31,43,29,14,13,17,1.7407407407407407,1.0,D,W,L,L,W,L,W,W,W,L,10,6,1,0,0,0,0,0,0,0,0.7037037037037037,-0.5185185185185185,0.5925925925925926,-0.1111111111111111,0.7407407407407407,0.14814814814814814
243,05/04/2025,Paris SG,Angers,1,0,1,0,0,0,79,26,26,45,33,11,8,18,2.5357142857142856,0.9642857142857143,W,L,W,L,W,L,W,L,W,D,15,1,1,1,0,0,0,0,0,0,1.8928571428571428,-0.6785714285714286,0.8928571428571429,-0.25,1.5714285714285714,0.5
244,05/04/2025,Brest,Monaco,2,1,1,1,0,1,42,53,42,33,21,21,21,16,1.4285714285714286,1.7857142857142858,W,W,D,W,W,D,L,W,D,L,8,10,0,0,0,0,0,0,0,0,0.0,0.7142857142857143,0.0,0.17857142857142858,-0.35714285714285715,-0.07142857142857142
245,05/04/2025,Lyon,Lille,2,1,1,1,1,0,52,41,37,28,18,18,14,16,1.6071428571428572,1.6785714285714286,L,W,W,L,W,W,W,L,L,W,9,9,0,0,0,0,0,0,0,0,0.5357142857142857,0.4642857142857143,0.14285714285714285,0.07142857142857142,-0.07142857142857142,0.0
246,06/04/2025,Lens,St Etienne,1,0,1,0,0,0,31,26,30,64,16,9,11,30,1.3928571428571428,0.7142857142857143,L,L,W,L,W,D,L,L,L,D,6,2,0,0,0,0,0,0,0,0,0.03571428571428571,-1.3571428571428572,0.17857142857142858,-0.75,0.6785714285714286,0.14285714285714285
247,06/04/2025,Montpellier,Le Havre,0,2,2,0,2,2,21,29,62,57,8,13,29,25,0.5357142857142857,0.8571428571428571,L,W,L,L,L,D,L,W,L,L,0,7,0,0,1,1,0,0,0,0,-1.4642857142857142,-1.0,-0.75,-0.42857142857142855,-0.32142857142857145,-0.25
248,06/04/2025,Reims,Strasbourg,0,1,2,0,1,2,29,45,41,35,15,17,20,12,0.9285714285714286,1.6428571428571428,W,W,D,W,L,W,L,W,L,D,4,13,0,0,1,0,0,0,0,0,-0.42857142857142855,0.35714285714285715,-0.17857142857142858,0.17857142857142858,-0.7142857142857143,-0.32142857142857145
249,06/04/2025,Rennes,Auxerre,0,1,2,0,0,0,38,38,37,39,17,20,17,16,1.1428571428571428,1.25,W,W,L,D,L,W,W,L,W,W,9,10,0,0,0,0,0,0,0,0,0.03571428571428571,-0.03571428571428571,0.0,0.14285714285714285,-0.10714285714285714,-0.03571428571428571
250,06/04/2025,Marseille,Toulouse,3,2,1,1,1,0,54,35,36,33,18,12,17,12,1.75,1.2142857142857142,L,L,L,L,L,D,W,W,L,W,3,7,0,0,0,0,0,0,0,0,0.6428571428571429,0.07142857142857142,0.03571428571428571,0.0,0.5357142857142857,-0.14285714285714285
251,11/04/2025,Lens,Reims,0,2,2,0,1,2,31,29,30,41,16,15,11,20,1.3928571428571428,0.9285714285714286,L,W,W,D,W,L,L,L,L,L,6,4,0,0,0,0,0,0,1,0,0.03571428571428571,-0.42857142857142855,0.17857142857142858,-0.17857142857142858,0.4642857142857143,0.07142857142857142
252,12/04/2025,Monaco,Marseille,3,0,1,1,0,1,54,57,35,38,21,19,17,18,1.7241379310344827,1.793103448275862,L,W,W,L,W,L,D,L,W,W,10,6,0,0,0,0,0,0,0,0,0.6551724137931034,0.6551724137931034,0.13793103448275862,0.034482758620689655,-0.06896551724137931,0.13793103448275862
253,12/04/2025,Toulouse,Lille,1,2,2,1,2,2,37,42,36,30,13,19,13,17,1.1724137931034482,1.6206896551724137,L,L,L,W,L,L,D,W,W,L,4,6,0,0,0,0,0,0,0,0,0.034482758620689655,0.41379310344827586,0.0,0.06896551724137931,-0.4482758620689655,-0.06896551724137931
254,12/04/2025,Strasbourg,Nice,2,2,0,0,1,2,46,52,35,35,18,31,12,15,1.6896551724137931,1.6206896551724137,W,L,W,L,W,D,W,L,W,W,15,4,1,1,0,0,0,0,0,0,0.3793103448275862,0.5862068965517241,0.20689655172413793,0.5517241379310345,0.06896551724137931,0.3793103448275862
255,13/04/2025,St Etienne,Brest,3,3,0,2,3,2,29,44,67,43,11,22,33,21,0.7241379310344828,1.4827586206896552,D,W,L,W,L,D,D,W,L,L,2,10,0,0,0,0,0,0,0,0,-1.3103448275862069,0.034482758620689655,-0.7586206896551724,0.034482758620689655,-0.7586206896551724,-0.27586206896551724
256,13/04/2025,Angers,Montpellier,2,0,1,2,0,1,26,21,46,64,11,8,18,31,0.9310344827586207,0.5172413793103449,L,L,L,L,L,L,L,L,L,L,0,0,0,0,1,1,0,0,1,1,-0.6896551724137931,-1.4827586206896552,-0.2413793103448276,-0.7931034482758621,0.41379310344827586,0.0
257,13/04/2025,Le Havre,Rennes,1,5,2,1,3,2,31,38,57,38,15,17,25,17,0.9310344827586207,1.103448275862069,W,L,W,W,L,L,D,L,W,W,10,6,0,0,0,0,0,0,0,0,-0.896551724137931,0.0,-0.3448275862068966,0.0,-0.1724137931034483,0.13793103448275862
258,13/04/2025,Auxerre,Lyon,1,3,2,0,0,0,39,54,39,38,20,19,16,15,1.3103448275862069,1.6551724137931034,W,W,W,L,D,W,W,W,L,W,10,12,0,0,0,0,1,0,0,0,0.0,0.5517241379310345,0.13793103448275862,0.13793103448275862,-0.3448275862068966,-0.06896551724137931
259,18/04/2025,Rennes,Nantes,2,1,1,1,0,1,38,33,38,47,17,17,17,20,1.103448275862069,1.0344827586206897,L,W,W,L,L,W,L,L,W,L,6,6,0,0,0,0,0,0,0,0,0.0,-0.4827586206896552,0.0,-0.10344827586206896,0.06896551724137931,0.0
260,19/04/2025,Paris SG,Le Havre,2,1,1,1,0,1,80,31,26,57,33,15,8,25,2.5517241379310347,0.9310344827586207,W,W,W,W,W,L,W,D,W,W,15,10,1,1,0,0,0,0,0,0,1.8620689655172413,-0.896551724137931,0.8620689655172413,-0.3448275862068966,1.6206896551724137,0.1724137931034483
261,19/04/2025,Monaco,Strasbourg,0,0,0,0,0,0,57,48,35,37,22,18,17,13,1.7666666666666666,1.6666666666666667,W,D,L,W,W,W,W,W,D,W,10,13,0,0,0,0,1,0,0,0,0.7333333333333333,0.36666666666666664,0.16666666666666666,0.16666666666666666,0.1,-0.1
262,19/04/2025,Marseille,Montpellier,5,1,1,1,0,1,57,22,41,69,19,8,19,32,1.7333333333333334,0.5,L,L,W,L,L,L,L,L,L,L,3,0,0,0,1,0,0,0,1,1,0.5333333333333333,-1.5666666666666667,0.0,-0.8,1.2333333333333334,0.1
263,20/04/2025,Lille,Auxerre,3,1,1,2,0,1,44,40,31,42,21,20,18,16,1.6666666666666667,1.2666666666666666,W,L,L,W,W,W,L,D,W,W,9,10,0,0,0,0,0,0,0,0,0.43333333333333335,-0.06666666666666667,0.1,0.13333333333333333,0.4,-0.03333333333333333
264,20/04/2025,Brest,Lens,1,3,2,1,2,2,47,32,46,32,25,16,23,12,1.4666666666666666,1.4,D,L,W,W,W,L,D,W,W,W,11,9,0,0,0,0,0,0,0,0,0.03333333333333333,0.0,0.06666666666666667,0.13333333333333333,0.06666666666666667,0.06666666666666667
265,20/04/2025,Nice,Angers,2,1,1,1,0,1,54,28,37,46,32,13,15,18,1.6,1.0,D,W,L,L,L,L,D,L,L,L,2,3,0,0,0,0,0,0,1,0,0.5666666666666667,-0.6,0.5666666666666667,-0.16666666666666666,0.6,-0.03333333333333333
266,20/04/2025,Reims,Toulouse,1,0,1,1,0,1,31,38,42,38,16,14,21,15,0.9666666666666667,1.1333333333333333,W,L,L,L,W,L,D,L,L,D,7,1,0,0,0,0,0,0,0,0,-0.36666666666666664,0.0,-0.16666666666666666,-0.03333333333333333,-0.16666666666666666,0.2
267,20/04/2025,St Etienne,Lyon,2,1,1,1,0,1,31,57,68,39,12,19,33,15,0.8,1.7,W,W,D,W,L,L,L,W,D,W,5,12,0,0,0,0,0,0,0,0,-1.2333333333333334,0.6,-0.7,0.13333333333333333,-0.9,-0.23333333333333334
268,22/04/2025,Nantes,Paris SG,1,1,0,0,1,2,34,82,49,27,17,34,21,8,1.0,2.566666666666667,L,W,W,W,L,W,W,W,L,W,6,15,0,0,0,0,1,1,0,0,-0.5,1.8333333333333333,-0.13333333333333333,0.8666666666666667,-1.5666666666666667,-0.3
269,25/04/2025,Paris SG,Nice,1,3,2,1,1,0,82,54,27,37,34,32,8,15,2.566666666666667,1.6,W,D,W,L,W,L,W,D,W,L,15,2,1,1,0,0,0,0,0,0,1.8333333333333333,0.5666666666666667,0.8666666666666667,0.5666666666666667,0.9666666666666667,0.43333333333333335
270,26/04/2025,Strasbourg,St Etienne,3,1,1,1,1,0,48,32,37,71,18,13,13,34,1.6451612903225807,0.7741935483870968,D,L,D,W,W,D,W,L,W,L,11,4,1,0,0,0,0,0,0,0,0.3548387096774194,-1.2580645161290323,0.16129032258064516,-0.6774193548387096,0.8709677419354839,0.22580645161290322
271,26/04/2025,Le Havre,Monaco,1,1,0,1,0,1,33,57,64,35,16,22,29,17,0.8709677419354839,1.7419354838709677,L,D,L,W,W,L,W,W,L,W,6,10,0,0,0,0,0,0,0,0,-1.0,0.7096774193548387,-0.41935483870967744,0.16129032258064516,-0.8709677419354839,-0.12903225806451613
272,26/04/2025,Lyon,Rennes,4,1,1,3,0,1,58,45,41,40,19,21,16,18,1.6451612903225807,1.2258064516129032,L,W,W,W,W,L,L,W,W,L,9,9,0,0,0,0,0,0,0,0,0.5483870967741935,0.16129032258064516,0.0967741935483871,0.0967741935483871,0.41935483870967744,0.0
273,27/04/2025,Angers,Lille,0,2,2,0,1,2,29,47,48,32,13,23,19,18,0.967741935483871,1.7096774193548387,L,W,W,W,L,L,L,W,L,L,3,9,0,0,1,0,0,0,0,0,-0.6129032258064516,0.4838709677419355,-0.1935483870967742,0.16129032258064516,-0.7419354838709677,-0.1935483870967742
274,27/04/2025,Lens,Auxerre,0,4,2,0,3,2,35,41,33,45,18,20,13,18,1.4516129032258065,1.2258064516129032,W,L,L,L,W,W,L,W,W,D,9,7,0,0,0,0,0,0,0,0,0.06451612903225806,-0.12903225806451613,0.16129032258064516,0.06451612903225806,0.22580645161290322,0.06451612903225806
275,27/04/2025,Montpellier,Reims,0,0,0,0,0,0,22,32,69,42,8,17,32,21,0.5161290322580645,1.032258064516129,D,W,L,W,L,L,L,W,L,D,1,10,0,0,1,0,0,0,0,0,-1.5161290322580645,-0.3225806451612903,-0.7741935483870968,-0.12903225806451613,-0.5161290322580645,-0.2903225806451613
276,27/04/2025,Nantes,Toulouse,0,0,0,0,0,0,35,38,50,39,17,14,22,16,1.0,1.096774193548387,D,L,L,L,W,L,L,L,W,L,7,0,0,0,0,0,0,0,1,1,-0.4838709677419355,-0.03225806451612903,-0.16129032258064516,-0.06451612903225806,-0.0967741935483871,0.22580645161290322
277,27/04/2025,Marseille,Brest,4,1,1,3,1,1,62,48,42,49,20,26,19,25,1.7741935483870968,1.4193548387096775,W,L,L,D,W,W,L,W,L,D,6,8,0,0,0,0,0,0,0,0,0.6451612903225806,-0.03225806451612903,0.03225806451612903,0.03225806451612903,0.3548387096774194,-0.06451612903225806
278,23/11/2024,Montpellier,St Etienne,0,2,2,0,1,2,22,32,69,71,8,13,32,34,0.5161290322580645,0.7741935483870968,D,L,L,W,L,D,L,L,L,L,1,4,0,0,1,0,0,0,0,0,-1.5161290322580645,-1.2580645161290323,-0.7741935483870968,-0.6774193548387096,-0.25806451612903225,-0.0967741935483871
