,Date,HomeTeam,AwayTeam,FTHG,FTAG,FTR,HTHG,HTAG,HTR,HTGS,ATGS,HTGC,ATGC,HHGS,AHGS,HHGC,AHGC,HTP,ATP,HM1,AM1,HM2,AM2,HM3,AM3,HM4,AM4,HM5,AM5,MW,HTFormPtsStr,ATFormPtsStr,HTFormPts,ATFormPts,HTWinStreak3,HTWinStreak5,HTLossStreak3,HTLossStreak5,ATWinStreak3,ATWinStreak5,ATLossStreak3,ATLossStreak5,HTGD,ATGD,HHGD,AHGD,DiffPts,DiffFormPts
0,2024-08-15,Athletic,Getafe,1.0,1.0,0,1.0,0.0,1,0.0,0.0,0.0,0.0,0.0,0.0,0.0,0.0,0.0,0.0,M,M,M,M,M,M,M,M,M,M,1.0,MMMMM,MMMMM,0,0,0,0,0,0,0,0,0,0,0.0,0.0,0.0,0.0,0.0,0.0
1,2024-08-15,Real Betis,Girona,1.0,1.0,0,1.0,0.0,1,0.0,0.0,0.0,0.0,0.0,0.0,0.0,0.0,0.0,0.0,M,M,M,M,M,M,M,M,M,M,1.0,MMMMM,MMMMM,0,0,0,0,0,0,0,0,0,0,0.0,0.0,0.0,0.0,0.0,0.0
2,2024-08-16,Celta,Alavés,2.0,1.0,1,0.0,1.0,2,0.0,0.0,0.0,0.0,0.0,0.0,0.0,0.0,0.0,0.0,M,M,M,M,M,M,M,M,M,M,1.0,MMMMM,MMMMM,0,0,0,0,0,0,0,0,0,0,0.0,0.0,0.0,0.0,0.0,0.0
3,2024-08-16,Las Palmas,Sevilla FC,2.0,2.0,0,1.0,1.0,0,0.0,0.0,0.0,0.0,0.0,0.0,0.0,0.0,0.0,0.0,M,M,M,M,M,M,M,M,M,M,1.0,MMMMM,MMMMM,0,0,0,0,0,0,0,0,0,0,0.0,0.0,0.0,0.0,0.0,0.0
4,2024-08-17,Osasuna,Leganés,1.0,1.0,0,0.0,1.0,2,0.0,0.0,0.0,0.0,0.0,0.0,0.0,0.0,0.0,0.0,M,M,M,M,M,M,M,M,M,M,1.0,MMMMM,MMMMM,0,0,0,0,0,0,0,0,0,0,0.0,0.0,0.0,0.0,0.0,0.0
5,2024-08-17,Valencia,Barça,1.0,2.0,2,1.0,1.0,0,0.0,0.0,0.0,0.0,0.0,0.0,0.0,0.0,0.0,0.0,M,M,M,M,M,M,M,M,M,M,1.0,MMMMM,MMMMM,0,0,0,0,0,0,0,0,0,0,0.0,0.0,0.0,0.0,0.0,0.0
6,2024-08-18,Real Sociedad,Rayo Vallecano,1.0,2.0,2,0.0,0.0,0,0.0,0.0,0.0,0.0,0.0,0.0,0.0,0.0,0.0,0.0,M,M,M,M,M,M,M,M,M,M,1.0,MMMMM,MMMMM,0,0,0,0,0,0,0,0,0,0,0.0,0.0,0.0,0.0,0.0,0.0
7,2024-08-18,Mallorca,Real Madrid,1.0,1.0,0,0.0,1.0,2,0.0,0.0,0.0,0.0,0.0,0.0,0.0,0.0,0.0,0.0,M,M,M,M,M,M,M,M,M,M,1.0,MMMMM,MMMMM,0,0,0,0,0,0,0,0,0,0,0.0,0.0,0.0,0.0,0.0,0.0
8,2024-08-19,Valladolid,Espanyol,1.0,0.0,1,1.0,0.0,1,0.0,0.0,0.0,0.0,0.0,0.0,0.0,0.0,0.0,0.0,M,M,M,M,M,M,M,M,M,M,1.0,MMMMM,MMMMM,0,0,0,0,0,0,0,0,0,0,0.0,0.0,0.0,0.0,0.0,0.0
9,2024-08-19,Villarreal,Atleti,2.0,2.0,0,2.0,2.0,0,0.0,0.0,0.0,0.0,0.0,0.0,0.0,0.0,0.0,0.0,M,M,M,M,M,M,M,M,M,M,1.0,MMMMM,MMMMM,0,0,0,0,0,0,0,0,0,0,0.0,0.0,0.0,0.0,0.0,0.0
10,2024-08-23,Celta,Valencia,3.0,1.0,1,2.0,1.0,1,2.0,1.0,1.0,2.0,0.0,1.0,1.0,1.0,1.5,0.0,W,L,M,M,M,M,M,M,M,M,2.0,WMMMM,LMMMM,3,0,0,0,0,0,0,0,0,0,0.5,-0.5,-0.5,0.0,1.5,1.5
11,2024-08-23,Sevilla FC,Villarreal,1.0,2.0,2,1.0,1.0,0,2.0,2.0,2.0,2.0,1.0,2.0,1.0,2.0,0.5,0.5,D,D,M,M,M,M,M,M,M,M,2.0,DMMMM,DMMMM,1,1,0,0,0,0,0,0,0,0,0.0,0.0,0.0,0.0,0.0,0.0
12,2024-08-24,Osasuna,Mallorca,1.0,0.0,1,0.0,0.0,0,1.0,1.0,1.0,1.0,0.0,0.0,1.0,1.0,0.5,0.5,D,D,M,M,M,M,M,M,M,M,2.0,DMMMM,DMMMM,1,1,0,0,0,0,0,0,0,0,0.0,0.0,-0.5,-0.5,0.0,0.0
13,2024-08-24,Barça,Athletic,2.0,1.0,1,1.0,1.0,0,2.0,1.0,1.0,1.0,1.0,1.0,1.0,0.0,1.5,0.5,W,D,M,M,M,M,M,M,M,M,2.0,WMMMM,DMMMM,3,1,0,0,0,0,0,0,0,0,0.5,0.0,0.0,0.5,1.0,1.0
14,2024-08-24,Getafe,Rayo Vallecano,0.0,0.0,0,0.0,0.0,0,1.0,2.0,1.0,1.0,0.0,0.0,1.0,0.0,0.5,1.5,D,W,M,M,M,M,M,M,M,M,2.0,DMMMM,WMMMM,1,3,0,0,0,0,0,0,0,0,0.0,0.5,-0.5,0.0,-1.0,-1.0
15,2024-08-24,Espanyol,Real Sociedad,0.0,1.0,2,0.0,0.0,0,0.0,1.0,1.0,2.0,0.0,0.0,1.0,0.0,0.0,0.0,L,L,M,M,M,M,M,M,M,M,2.0,LMMMM,LMMMM,0,0,0,0,0,0,0,0,0,0,-0.5,-0.5,-0.5,0.0,0.0,0.0
16,2024-08-25,Real Madrid,Valladolid,3.0,0.0,1,0.0,0.0,0,1.0,1.0,1.0,0.0,1.0,1.0,0.0,0.0,0.5,1.5,D,W,M,M,M,M,M,M,M,M,2.0,DMMMM,WMMMM,1,3,0,0,0,0,0,0,0,0,0.0,0.5,0.5,0.5,-1.0,-1.0
17,2024-08-25,Leganés,Las Palmas,2.0,1.0,1,0.0,0.0,0,1.0,2.0,1.0,2.0,1.0,1.0,0.0,1.0,0.5,0.5,D,D,M,M,M,M,M,M,M,M,2.0,DMMMM,DMMMM,1,1,0,0,0,0,0,0,0,0,0.0,0.0,0.5,0.0,0.0,0.0
18,2024-08-25,Alavés,Real Betis,0.0,0.0,0,0.0,0.0,0,1.0,1.0,2.0,1.0,1.0,1.0,0.0,0.0,0.0,0.5,L,D,M,M,M,M,M,M,M,M,2.0,LMMMM,DMMMM,0,1,0,0,0,0,0,0,0,0,-0.5,0.0,0.5,0.5,-0.5,-0.5
19,2024-08-25,Atleti,Girona,3.0,0.0,1,1.0,0.0,1,2.0,1.0,2.0,1.0,2.0,0.0,2.0,1.0,0.5,0.5,D,D,M,M,M,M,M,M,M,M,2.0,DMMMM,DMMMM,1,1,0,0,0,0,0,0,0,0,0.0,0.0,0.0,-0.5,0.0,0.0
20,2024-08-26,Villarreal,Celta,4.0,3.0,1,1.0,2.0,2,4.0,5.0,3.0,2.0,3.0,2.0,3.0,2.0,1.3333333333333333,2.0,W,W,D,W,M,M,M,M,M,M,3.0,WDMMM,WWMMM,4,6,0,0,0,0,0,0,0,0,0.3333333333333333,1.0,0.0,0.0,-0.6666666666666666,-0.6666666666666666
21,2024-08-27,Mallorca,Sevilla FC,0.0,0.0,0,0.0,0.0,0,1.0,3.0,2.0,4.0,0.0,2.0,1.0,2.0,0.3333333333333333,0.3333333333333333,L,L,D,D,M,M,M,M,M,M,3.0,LDMMM,LDMMM,1,1,0,0,0,0,0,0,0,0,-0.3333333333333333,-0.3333333333333333,-0.3333333333333333,0.0,0.0,0.0
22,2024-08-27,Rayo Vallecano,Barça,1.0,2.0,2,1.0,0.0,1,2.0,4.0,1.0,2.0,0.0,2.0,0.0,2.0,1.3333333333333333,2.0,D,W,W,W,M,M,M,M,M,M,3.0,DWMMM,WWMMM,4,6,0,0,0,0,0,0,0,0,0.3333333333333333,0.6666666666666666,0.0,0.0,-0.6666666666666666,-0.6666666666666666
23,2024-08-28,Athletic,Valencia,1.0,0.0,1,1.0,0.0,1,2.0,2.0,3.0,5.0,2.0,2.0,1.0,3.0,0.3333333333333333,0.0,L,L,D,L,M,M,M,M,M,M,3.0,LDMMM,LLMMM,1,0,0,0,0,0,0,0,0,0,-0.3333333333333333,-1.0,0.3333333333333333,-0.3333333333333333,0.3333333333333333,0.3333333333333333
24,2024-08-28,Valladolid,Leganés,0.0,0.0,0,0.0,0.0,0,1.0,3.0,3.0,2.0,1.0,1.0,0.0,0.0,1.0,1.3333333333333333,L,W,W,D,M,M,M,M,M,M,3.0,LWMMM,WDMMM,3,4,0,0,0,0,0,0,0,0,-0.6666666666666666,0.3333333333333333,0.3333333333333333,0.3333333333333333,-0.3333333333333333,-0.3333333333333333
25,2024-08-28,Real Sociedad,Alavés,1.0,2.0,2,1.0,1.0,0,2.0,1.0,2.0,2.0,0.0,1.0,0.0,0.0,1.0,0.3333333333333333,W,D,L,L,M,M,M,M,M,M,3.0,WLMMM,DLMMM,3,1,0,0,0,0,0,0,0,0,0.0,-0.3333333333333333,0.0,0.3333333333333333,0.6666666666666666,0.6666666666666666
26,2024-08-28,Atleti,Espanyol,0.0,0.0,0,0.0,0.0,0,5.0,0.0,2.0,2.0,3.0,0.0,2.0,1.0,1.3333333333333333,0.0,W,L,D,L,M,M,M,M,M,M,3.0,WDMMM,LLMMM,4,0,0,0,0,0,0,0,0,0,1.0,-0.6666666666666666,0.3333333333333333,-0.3333333333333333,1.3333333333333333,1.3333333333333333
27,2024-08-29,Girona,Osasuna,4.0,0.0,1,1.0,0.0,1,1.0,2.0,4.0,1.0,0.0,0.0,2.0,1.0,0.3333333333333333,1.3333333333333333,L,W,D,D,M,M,M,M,M,M,3.0,LDMMM,WDMMM,1,4,0,0,0,0,0,0,0,0,-1.0,0.3333333333333333,-0.6666666666666666,-0.3333333333333333,-1.0,-1.0
28,2024-08-29,Las Palmas,Real Madrid,1.0,1.0,0,1.0,0.0,1,3.0,4.0,4.0,1.0,1.0,1.0,1.0,0.0,0.3333333333333333,1.3333333333333333,L,W,D,D,M,M,M,M,M,M,3.0,LDMMM,WDMMM,1,4,0,0,0,0,0,0,0,0,-0.3333333333333333,1.0,0.0,0.3333333333333333,-1.0,-1.0
29,2024-08-31,Barça,Valladolid,7.0,0.0,1,3.0,0.0,1,4.0,1.0,2.0,3.0,2.0,1.0,2.0,0.0,2.0,1.0,W,L,W,W,M,M,M,M,M,M,3.0,WWMMM,LWMMM,6,3,0,0,0,0,0,0,0,0,0.6666666666666666,-0.6666666666666666,0.0,0.3333333333333333,1.0,1.0
30,2024-08-31,Athletic,Atleti,0.0,1.0,2,0.0,0.0,0,3.0,5.0,3.0,2.0,3.0,3.0,1.0,2.0,1.0,1.25,W,D,L,W,D,D,M,M,M,M,4.0,WLDMM,DWDMM,4,5,0,0,0,0,0,0,0,0,0.0,0.75,0.5,0.25,-0.25,-0.25
31,2024-08-31,Espanyol,Rayo Vallecano,2.0,1.0,1,1.0,1.0,0,0.0,3.0,2.0,3.0,0.0,1.0,1.0,0.0,0.25,1.0,D,L,L,D,L,W,M,M,M,M,4.0,DLLMM,LDWMM,1,4,0,0,0,0,0,0,0,0,-0.5,0.0,-0.25,0.25,-0.75,-0.75
32,2024-08-31,Leganés,Mallorca,0.0,1.0,2,0.0,1.0,2,3.0,1.0,2.0,2.0,1.0,0.0,0.0,1.0,1.25,0.5,D,D,W,L,D,D,M,M,M,M,4.0,DWDMM,DLDMM,5,2,0,0,0,0,0,0,0,0,0.25,-0.25,0.25,-0.25,0.75,0.75
33,2024-08-31,Valencia,Villarreal,1.0,1.0,0,1.0,1.0,0,2.0,8.0,6.0,6.0,2.0,4.0,4.0,5.0,0.0,1.75,L,W,L,W,L,D,M,M,M,M,4.0,LLLMM,WWDMM,0,7,0,0,0,0,0,0,0,0,-1.0,0.5,-0.5,-0.25,-1.75,-1.75
34,2024-09-01,Osasuna,Celta,3.0,2.0,1,2.0,1.0,1,2.0,8.0,5.0,6.0,0.0,4.0,2.0,3.0,1.0,1.5,L,L,W,W,D,W,M,M,M,M,4.0,LWDMM,LWWMM,4,6,0,0,0,0,0,0,0,0,-0.75,0.5,-0.5,0.25,-0.5,-0.5
35,2024-09-01,Alavés,Las Palmas,2.0,0.0,1,1.0,0.0,1,3.0,4.0,3.0,5.0,2.0,2.0,1.0,1.0,1.0,0.5,W,D,D,L,L,D,M,M,M,M,4.0,WDLMM,DLDMM,4,2,0,0,0,0,0,0,0,0,0.0,-0.25,0.25,0.25,0.5,0.5
36,2024-09-01,Sevilla FC,Girona,0.0,2.0,2,0.0,1.0,2,3.0,5.0,4.0,4.0,2.0,1.0,2.0,2.0,0.5,1.0,D,W,L,L,D,D,M,M,M,M,4.0,DLDMM,WLDMM,2,4,0,0,0,0,0,0,0,0,-0.25,0.25,0.0,-0.25,-0.5,-0.5
37,2024-09-01,Getafe,Real Sociedad,0.0,0.0,0,0.0,0.0,0,1.0,3.0,1.0,4.0,0.0,1.0,1.0,1.0,0.75,0.75,D,L,D,W,D,L,M,M,M,M,4.0,DDDMM,LWLMM,3,3,0,0,0,0,0,0,0,0,0.0,-0.25,-0.25,0.0,0.0,0.0
38,2024-09-01,Real Madrid,Real Betis,2.0,0.0,1,0.0,0.0,0,5.0,1.0,2.0,3.0,1.0,1.0,1.0,0.0,1.25,0.5,D,L,W,D,D,D,M,M,M,M,4.0,DWDMM,LDDMM,5,2,0,0,0,0,0,0,0,0,0.75,-0.5,0.0,0.25,0.75,0.75
39,2024-09-13,Real Betis,Leganés,2.0,0.0,1,0.0,0.0,0,1.0,3.0,3.0,2.0,1.0,1.0,0.0,0.0,0.5,1.25,L,D,D,W,D,D,M,M,M,M,4.0,LDDMM,DWDMM,2,5,0,0,0,0,0,0,0,0,-0.5,0.25,0.25,0.25,-0.75,-0.75
40,2024-09-14,Mallorca,Villarreal,1.0,2.0,2,0.0,1.0,2,2.0,9.0,2.0,7.0,1.0,5.0,1.0,6.0,1.0,1.6,W,D,D,W,L,W,D,D,M,M,5.0,WDLDM,DWWDM,5,8,0,0,0,0,0,0,0,0,0.0,0.4,0.0,-0.2,-0.6,-0.6
41,2024-09-14,Espanyol,Alavés,3.0,2.0,1,1.0,1.0,0,2.0,5.0,3.0,3.0,1.0,3.0,2.0,1.0,0.8,1.4,W,W,D,W,L,D,L,L,M,M,5.0,WDLLM,WWDLM,4,7,0,0,0,0,0,0,0,0,-0.2,0.4,-0.2,0.4,-0.6,-0.6
42,2024-09-14,Sevilla FC,Getafe,1.0,0.0,1,1.0,0.0,1,3.0,1.0,6.0,2.0,2.0,0.0,3.0,2.0,0.4,0.6,L,L,D,D,L,D,D,D,M,M,5.0,LDLDM,LDDDM,2,3,0,0,0,0,0,0,0,0,-0.6,-0.2,-0.2,-0.4,-0.2,-0.2
43,2024-09-14,Real Sociedad,Real Madrid,0.0,2.0,2,0.0,0.0,0,3.0,7.0,4.0,2.0,1.0,1.0,1.0,1.0,0.8,1.6,D,W,L,D,W,W,L,D,M,M,5.0,DLWLM,WDWDM,4,8,0,0,0,0,0,0,0,0,-0.2,1.0,0.0,0.0,-0.8,-0.8
44,2024-09-15,Celta,Valladolid,3.0,1.0,1,2.0,0.0,1,10.0,1.0,9.0,10.0,5.0,1.0,5.0,3.0,1.2,0.8,L,L,L,D,W,L,W,W,M,M,5.0,LLWWM,LDLWM,6,4,0,0,0,0,0,0,0,0,0.2,-1.8,0.0,-0.4,0.4,0.4
45,2024-09-15,Girona,Barça,1.0,4.0,2,0.0,2.0,2,7.0,13.0,4.0,3.0,2.0,5.0,2.0,3.0,1.4,2.4,W,W,W,W,L,W,D,W,M,M,5.0,WWLDM,WWWWM,7,12,0,0,0,0,0,0,0,0,0.6,2.0,0.0,0.4,-1.0,-1.0
46,2024-09-15,Las Palmas,Athletic,2.0,3.0,2,0.0,2.0,2,4.0,3.0,7.0,4.0,2.0,3.0,2.0,1.0,0.4,0.8,L,L,D,W,L,L,D,D,M,M,5.0,LDLDM,LWLDM,2,4,0,0,0,0,0,0,0,0,-0.6,-0.2,0.0,0.4,-0.4,-0.4
47,2024-09-15,Atleti,Valencia,3.0,0.0,1,1.0,0.0,1,6.0,3.0,2.0,7.0,3.0,3.0,2.0,5.0,1.6,0.2,W,D,D,L,W,L,D,L,M,M,5.0,WDWDM,DLLLM,8,1,0,0,0,0,0,0,0,0,0.8,-0.8,0.2,-0.4,1.4,1.4
48,2024-09-16,Rayo Vallecano,Osasuna,3.0,1.0,1,0.0,1.0,2,4.0,5.0,5.0,7.0,2.0,2.0,1.0,3.0,0.8,1.4,L,W,L,L,D,W,W,D,M,M,5.0,LLDWM,WLWDM,4,7,0,0,0,0,0,0,0,0,-0.2,-0.4,0.2,-0.2,-0.6,-0.6
49,2024-09-17,Mallorca,Real Sociedad,1.0,0.0,1,1.0,0.0,1,2.0,3.0,2.0,4.0,1.0,1.0,1.0,1.0,1.0,0.8,W,D,D,L,L,W,D,L,M,M,5.0,WDLDM,DLWLM,5,4,0,0,0,0,0,0,0,0,0.0,-0.2,0.0,0.0,0.2,0.2
50,2024-09-18,Real Betis,Getafe,2.0,1.0,1,0.0,0.0,0,5.0,2.0,4.0,4.0,1.0,0.0,0.0,2.0,1.3333333333333333,0.5,W,L,W,L,L,D,D,D,D,D,6.0,WWLDD,LLDDD,8,3,0,0,0,0,0,0,0,0,0.16666666666666666,-0.3333333333333333,0.16666666666666666,-0.3333333333333333,0.8333333333333334,0.8333333333333334
51,2024-09-19,Leganés,Athletic,0.0,2.0,2,0.0,0.0,0,3.0,6.0,5.0,6.0,1.0,5.0,1.0,1.0,0.8333333333333334,1.1666666666666667,L,W,L,L,D,W,W,L,D,D,6.0,LLDWD,WLWLD,5,7,0,0,0,0,0,0,0,0,-0.3333333333333333,0.0,0.0,0.6666666666666666,-0.3333333333333333,-0.3333333333333333
52,2024-09-20,Alavés,Sevilla FC,2.0,1.0,1,1.0,0.0,1,7.0,4.0,6.0,6.0,4.0,3.0,2.0,3.0,1.1666666666666667,0.8333333333333334,L,W,W,L,W,D,D,L,L,D,6.0,LWWDL,WLDLD,7,5,0,0,0,0,0,0,0,0,0.16666666666666666,-0.3333333333333333,0.3333333333333333,0.0,0.3333333333333333,0.3333333333333333
53,2024-09-21,Valladolid,Real Sociedad,0.0,0.0,0,0.0,0.0,0,2.0,3.0,13.0,6.0,1.0,1.0,5.0,1.0,0.6666666666666666,0.6666666666666666,L,L,L,D,D,L,L,W,W,L,6.0,LLDLW,LDLWL,4,4,0,0,0,0,0,0,0,0,-1.8333333333333333,-0.5,-0.6666666666666666,0.0,0.0,0.0
54,2024-09-21,Osasuna,Las Palmas,2.0,1.0,1,1.0,1.0,0,6.0,6.0,10.0,10.0,3.0,2.0,3.0,4.0,1.1666666666666667,0.3333333333333333,L,L,W,L,L,D,W,L,D,D,6.0,LWLWD,LLDLD,7,2,0,0,0,0,0,0,0,0,-0.6666666666666666,-0.6666666666666666,0.0,-0.3333333333333333,0.8333333333333334,0.8333333333333334
55,2024-09-21,Valencia,Girona,2.0,0.0,1,0.0,0.0,0,3.0,8.0,10.0,8.0,3.0,2.0,6.0,4.0,0.16666666666666666,1.1666666666666667,L,L,D,W,L,W,L,L,L,D,6.0,LDLLL,LWWLD,1,7,0,0,1,0,0,0,0,0,-1.1666666666666667,0.0,-0.5,-0.3333333333333333,-1.0,-1.0
56,2024-09-21,Real Madrid,Espanyol,4.0,1.0,1,0.0,0.0,0,9.0,5.0,2.0,5.0,1.0,2.0,1.0,3.0,1.8333333333333333,1.1666666666666667,W,W,W,W,D,D,W,L,D,L,6.0,WWDWD,WWDLL,11,7,0,0,0,0,0,0,0,0,1.1666666666666667,0.0,0.0,-0.16666666666666666,0.6666666666666666,0.6666666666666666
57,2024-09-22,Getafe,Leganés,1.0,1.0,0,0.0,0.0,0,2.0,3.0,4.0,5.0,0.0,1.0,2.0,1.0,0.5,0.8333333333333334,L,L,L,L,D,D,D,W,D,D,6.0,LLDDD,LLDWD,3,5,0,0,0,0,0,0,0,0,-0.3333333333333333,-0.3333333333333333,-0.3333333333333333,0.0,-0.3333333333333333,-0.3333333333333333
58,2024-09-22,Athletic,Celta,3.0,1.0,1,2.0,1.0,1,6.0,13.0,6.0,10.0,5.0,7.0,1.0,5.0,1.1666666666666667,1.5,W,W,L,L,W,L,L,W,D,W,6.0,WLWLD,WLLWW,7,9,0,0,0,0,0,0,0,0,0.0,0.5,0.6666666666666666,0.3333333333333333,-0.3333333333333333,-0.3333333333333333
59,2024-09-22,Villarreal,Barça,1.0,5.0,2,1.0,2.0,2,11.0,17.0,8.0,4.0,6.0,7.0,6.0,3.0,1.8333333333333333,2.5,W,W,D,W,W,W,W,W,D,W,6.0,WDWWD,WWWWW,11,15,0,0,0,0,1,1,0,0,0.5,2.1666666666666665,0.0,0.6666666666666666,-0.6666666666666666,-0.6666666666666666
60,2024-09-22,Rayo Vallecano,Atleti,1.0,1.0,0,1.0,0.0,1,8.0,10.0,7.0,3.0,3.0,4.0,2.0,3.0,1.1428571428571428,1.7142857142857142,D,D,W,W,L,W,L,D,D,W,7.0,DWLLD,DWWDW,5,11,0,0,0,0,0,0,0,0,0.14285714285714285,1.0,0.14285714285714285,0.14285714285714285,-0.5714285714285714,-0.8571428571428571
61,2024-09-23,Real Betis,Mallorca,1.0,2.0,2,1.0,1.0,0,6.0,4.0,6.0,4.0,2.0,2.0,1.0,2.0,1.1428571428571428,1.1428571428571428,L,W,W,L,W,W,L,D,D,L,7.0,LWWLD,WLWDL,7,7,0,0,0,0,0,0,0,0,0.0,0.0,0.14285714285714285,0.0,0.0,0.0
62,2024-09-24,Sevilla FC,Valladolid,2.0,1.0,1,1.0,0.0,1,5.0,2.0,8.0,13.0,3.0,1.0,4.0,5.0,0.7142857142857143,0.7142857142857143,L,D,W,L,L,L,D,D,L,L,7.0,LWLDL,DLLDL,4,2,0,0,0,0,0,0,0,0,-0.42857142857142855,-1.5714285714285714,-0.14285714285714285,-0.5714285714285714,0.0,0.2857142857142857
63,2024-09-24,Valencia,Osasuna,0.0,0.0,0,0.0,0.0,0,5.0,8.0,10.0,11.0,3.0,4.0,6.0,4.0,0.5714285714285714,1.4285714285714286,W,W,L,L,D,W,L,L,L,W,7.0,WLDLL,WLWLW,4,9,0,0,0,0,0,0,0,0,-0.7142857142857143,-0.42857142857142855,-0.42857142857142855,0.0,-0.8571428571428571,-0.7142857142857143
64,2024-09-24,Real Madrid,Alavés,3.0,2.0,1,2.0,0.0,1,13.0,9.0,3.0,7.0,1.0,5.0,1.0,2.0,2.0,1.4285714285714286,W,W,W,L,W,W,D,W,W,D,7.0,WWWDW,WLWWD,13,10,0,0,0,0,0,0,0,0,1.4285714285714286,0.2857142857142857,0.0,0.42857142857142855,0.5714285714285714,0.42857142857142855
65,2024-09-25,Girona,Rayo Vallecano,0.0,0.0,0,0.0,0.0,0,8.0,8.0,10.0,7.0,2.0,3.0,4.0,2.0,1.0,1.1428571428571428,L,D,L,W,W,L,W,L,L,D,7.0,LLWWL,DWLLD,6,5,0,0,0,0,0,0,0,0,-0.2857142857142857,0.14285714285714285,-0.2857142857142857,0.14285714285714285,-0.14285714285714285,0.14285714285714285
66,2024-09-25,Barça,Getafe,1.0,0.0,1,1.0,0.0,1,22.0,3.0,5.0,5.0,9.0,0.0,4.0,2.0,2.5714285714285716,0.5714285714285714,W,D,W,L,W,L,W,D,W,D,7.0,WWWWW,DLLDD,15,3,1,1,0,0,0,0,0,0,2.4285714285714284,-0.2857142857142857,0.7142857142857143,-0.2857142857142857,2.0,1.7142857142857142
67,2024-09-26,Las Palmas,Real Betis,1.0,1.0,0,1.0,1.0,0,7.0,6.0,12.0,6.0,3.0,2.0,5.0,1.0,0.2857142857142857,1.1428571428571428,L,L,L,W,L,W,D,L,L,D,7.0,LLLDL,LWWLD,1,7,0,0,0,0,0,0,0,0,-0.7142857142857143,0.0,-0.2857142857142857,0.14285714285714285,-0.8571428571428571,-0.8571428571428571
68,2024-09-26,Espanyol,Villarreal,1.0,2.0,2,1.0,1.0,0,6.0,12.0,9.0,13.0,2.0,7.0,3.0,8.0,1.0,1.5714285714285714,L,L,W,W,W,D,D,W,L,W,7.0,LWWDL,LWDWW,7,10,0,0,0,0,0,0,0,0,-0.42857142857142855,-0.14285714285714285,-0.14285714285714285,-0.14285714285714285,-0.5714285714285714,-0.42857142857142855
69,2024-09-26,Celta,Atleti,0.0,1.0,2,0.0,0.0,0,14.0,10.0,13.0,3.0,8.0,4.0,7.0,3.0,1.2857142857142858,1.7142857142857142,L,D,W,W,L,W,L,D,W,W,7.0,LWLLW,DWWDW,6,11,0,0,0,0,0,0,0,0,0.14285714285714285,1.0,0.14285714285714285,0.14285714285714285,-0.42857142857142855,-0.7142857142857143
70,2024-09-27,Valladolid,Mallorca,1.0,2.0,2,0.0,0.0,0,3.0,6.0,15.0,5.0,1.0,3.0,6.0,3.0,0.625,1.375,L,W,D,W,L,L,L,W,D,D,8.0,LDLLD,WWLWD,2,10,0,0,0,0,0,0,0,0,-1.5,0.125,-0.625,0.0,-0.75,-1.0
71,2024-09-28,Getafe,Alavés,2.0,0.0,1,1.0,0.0,1,3.0,11.0,6.0,10.0,0.0,5.0,3.0,4.0,0.5,1.25,L,L,D,W,L,L,L,W,D,W,8.0,LDLLD,LWLWW,2,9,0,0,0,0,0,0,0,0,-0.375,0.125,-0.375,0.125,-0.75,-0.875
72,2024-09-28,Rayo Vallecano,Leganés,1.0,1.0,0,1.0,0.0,1,8.0,4.0,7.0,8.0,3.0,1.0,2.0,1.0,1.125,0.75,D,D,D,L,W,L,L,L,L,D,8.0,DDWLL,DLLLD,5,2,0,0,0,0,0,0,0,0,0.125,-0.5,0.125,0.0,0.375,0.375
73,2024-09-28,Real Sociedad,Valencia,3.0,0.0,1,1.0,0.0,1,3.0,5.0,7.0,10.0,1.0,3.0,2.0,6.0,0.625,0.625,D,D,L,W,L,L,D,D,L,L,8.0,DLLDL,DWLDL,2,5,0,0,0,0,0,0,0,0,-0.5,-0.625,-0.125,-0.375,0.0,-0.375
74,2024-09-28,Osasuna,Barça,4.0,2.0,1,2.0,0.0,1,8.0,23.0,11.0,5.0,4.0,10.0,4.0,4.0,1.375,2.625,D,W,W,W,L,W,W,W,L,W,8.0,DWLWL,WWWWW,7,15,0,0,0,0,1,1,0,0,-0.375,2.25,0.0,0.75,-1.25,-1.0
75,2024-09-29,Celta,Girona,1.0,1.0,0,0.0,1.0,2,14.0,8.0,14.0,10.0,8.0,2.0,7.0,4.0,1.125,1.0,L,D,L,L,W,L,L,W,L,W,8.0,LLWLL,DLLWW,3,7,0,0,0,0,0,0,0,0,0.0,-0.25,0.125,-0.25,0.125,-0.5
76,2024-09-29,Athletic,Sevilla FC,1.0,1.0,0,1.0,0.0,1,11.0,7.0,7.0,9.0,7.0,4.0,2.0,4.0,1.625,1.0,W,W,W,L,W,W,L,L,W,D,8.0,WWWLW,WLWLD,12,7,0,0,0,0,0,0,0,0,0.5,-0.25,0.625,0.0,0.625,0.625
77,2024-09-29,Real Betis,Espanyol,1.0,0.0,1,0.0,0.0,0,7.0,7.0,7.0,11.0,3.0,3.0,2.0,4.0,1.125,0.875,D,L,L,L,W,W,W,W,L,D,8.0,DLWWL,LLWWD,7,7,0,0,0,0,0,0,0,0,0.0,-0.5,0.125,-0.125,0.25,0.0
78,2024-09-29,Atleti,Real Madrid,1.0,1.0,0,0.0,0.0,0,11.0,16.0,3.0,5.0,4.0,3.0,3.0,1.0,1.875,2.125,W,W,D,W,W,W,W,W,D,D,8.0,WDWWD,WWWWD,11,13,0,0,0,0,0,0,0,0,1.0,1.375,0.125,0.25,-0.25,-0.25
79,2024-09-30,Villarreal,Las Palmas,3.0,1.0,1,1.0,0.0,1,14.0,8.0,14.0,13.0,8.0,4.0,9.0,6.0,1.75,0.375,W,D,L,L,W,L,D,L,W,D,8.0,WLWDW,DLLLD,10,2,0,0,0,0,0,0,0,0,0.0,-0.625,-0.125,-0.25,1.375,1.0
80,2024-10-04,Leganés,Valencia,0.0,0.0,0,0.0,0.0,0,5.0,5.0,9.0,13.0,1.0,3.0,2.0,7.0,0.7777777777777778,0.5555555555555556,D,L,D,D,L,W,L,L,L,D,9.0,DDLLL,LDWLD,2,5,0,0,1,0,0,0,0,0,-0.4444444444444444,-0.8888888888888888,-0.1111111111111111,-0.4444444444444444,0.2222222222222222,-0.3333333333333333
81,2024-10-05,Espanyol,Mallorca,2.0,1.0,1,1.0,0.0,1,7.0,8.0,12.0,6.0,3.0,3.0,4.0,3.0,0.7777777777777778,1.5555555555555556,L,W,L,W,L,W,W,L,W,W,9.0,LLLWW,WWWLW,6,12,0,0,0,0,0,0,0,0,-0.5555555555555556,0.2222222222222222,-0.1111111111111111,0.0,-0.7777777777777778,-0.6666666666666666
82,2024-10-05,Getafe,Osasuna,1.0,1.0,0,1.0,0.0,1,5.0,12.0,6.0,13.0,1.0,6.0,3.0,4.0,0.7777777777777778,1.5555555555555556,W,W,L,D,D,W,L,L,L,W,9.0,WLDLL,WDWLW,4,10,0,0,0,0,0,0,0,0,-0.1111111111111111,-0.1111111111111111,-0.2222222222222222,0.2222222222222222,-0.7777777777777778,-0.6666666666666666
83,2024-10-05,Valladolid,Rayo Vallecano,1.0,2.0,2,0.0,0.0,0,4.0,9.0,17.0,8.0,1.0,4.0,6.0,2.0,0.5555555555555556,1.1111111111111112,L,D,L,D,D,D,L,W,L,L,9.0,LLDLL,DDDWL,1,6,0,0,0,0,0,0,0,0,-1.4444444444444444,0.1111111111111111,-0.5555555555555556,0.2222222222222222,-0.5555555555555556,-0.5555555555555556
84,2024-10-05,Las Palmas,Celta,0.0,1.0,2,0.0,1.0,2,9.0,15.0,16.0,15.0,4.0,8.0,7.0,8.0,0.3333333333333333,1.1111111111111112,L,D,D,L,L,L,L,W,L,L,9.0,LDLLL,DLLWL,1,4,0,0,1,0,0,0,0,0,-0.7777777777777778,0.0,-0.3333333333333333,0.0,-0.7777777777777778,-0.3333333333333333
85,2024-10-05,Real Madrid,Villarreal,2.0,0.0,1,1.0,0.0,1,17.0,17.0,6.0,15.0,3.0,9.0,1.0,9.0,2.0,1.8888888888888888,D,W,W,W,W,L,W,W,W,D,9.0,DWWWW,WWLWD,13,10,1,0,0,0,0,0,0,0,1.2222222222222223,0.2222222222222222,0.2222222222222222,0.0,0.1111111111111111,0.3333333333333333
86,2024-10-06,Girona,Athletic,2.0,1.0,1,1.0,1.0,0,9.0,12.0,11.0,8.0,3.0,8.0,4.0,2.0,1.0,1.5555555555555556,D,D,D,W,L,W,L,W,W,L,9.0,DDLLW,DWWWL,5,10,0,0,0,0,0,0,0,0,-0.2222222222222222,0.4444444444444444,-0.1111111111111111,0.6666666666666666,-0.5555555555555556,-0.5555555555555556
87,2024-10-06,Alavés,Barça,0.0,3.0,2,0.0,3.0,2,11.0,25.0,12.0,9.0,5.0,10.0,5.0,6.0,1.1111111111111112,2.3333333333333335,L,L,L,W,W,W,L,W,W,W,9.0,LLWLW,LWWWW,6,12,0,0,0,0,1,0,0,0,-0.1111111111111111,1.7777777777777777,0.0,0.4444444444444444,-1.2222222222222223,-0.6666666666666666
88,2024-10-06,Sevilla FC,Real Betis,1.0,0.0,1,0.0,0.0,0,8.0,8.0,10.0,7.0,4.0,3.0,5.0,2.0,1.0,1.3333333333333333,D,W,W,D,L,L,W,W,L,W,9.0,DWLWL,WDLWW,7,10,0,0,0,0,0,0,0,0,-0.2222222222222222,0.1111111111111111,-0.1111111111111111,0.1111111111111111,-0.3333333333333333,-0.3333333333333333
89,2024-10-06,Real Sociedad,Atleti,1.0,1.0,0,0.0,1.0,2,6.0,12.0,7.0,4.0,2.0,4.0,2.0,3.0,0.8888888888888888,1.7777777777777777,W,D,D,W,L,D,L,W,D,W,9.0,WDLLD,DWDWW,5,11,0,0,0,0,0,0,0,0,-0.1111111111111111,0.8888888888888888,0.0,0.1111111111111111,-0.8888888888888888,-0.6666666666666666
90,2024-10-18,Alavés,Valladolid,2.0,3.0,2,1.0,1.0,0,11.0,5.0,15.0,19.0,5.0,1.0,8.0,6.0,1.0,0.5,L,L,L,L,L,L,W,D,L,L,10.0,LLLWL,LLLDL,3,1,0,0,0,0,0,0,0,0,-0.4,-1.4,-0.3,-0.5,0.5,0.2
91,2024-10-19,Athletic,Espanyol,4.0,1.0,1,3.0,0.0,1,13.0,9.0,10.0,13.0,9.0,4.0,3.0,4.0,1.4,1.0,L,W,D,L,W,L,W,L,W,W,10.0,LDWWW,WLLLW,10,6,1,0,0,0,0,0,0,0,0.3,-0.4,0.6,0.0,0.4,0.4
92,2024-10-19,Osasuna,Real Betis,1.0,2.0,2,0.0,1.0,2,13.0,8.0,14.0,8.0,6.0,3.0,5.0,2.0,1.5,1.2,D,L,W,W,D,D,W,L,L,W,10.0,DWDWL,LWDLW,8,7,0,0,0,0,0,0,0,0,-0.1,0.0,0.1,0.1,0.3,0.1
93,2024-10-19,Girona,Real Sociedad,0.0,1.0,2,0.0,1.0,2,11.0,7.0,12.0,8.0,4.0,2.0,5.0,3.0,1.2,0.9,W,D,D,W,D,D,L,L,L,L,10.0,WDDLL,DWDLL,5,5,0,0,0,0,0,0,0,0,-0.1,-0.1,-0.1,-0.1,0.3,0.0
94,2024-10-19,Celta,Real Madrid,1.0,2.0,2,0.0,1.0,2,16.0,19.0,15.0,6.0,9.0,4.0,8.0,1.0,1.3,2.1,W,W,D,D,L,W,L,W,W,W,10.0,WDLLW,WDWWW,7,13,0,0,0,0,1,0,0,0,0.1,1.3,0.1,0.3,-0.8,-0.6
95,2024-10-20,Mallorca,Rayo Vallecano,1.0,0.0,1,0.0,0.0,0,9.0,11.0,8.0,9.0,3.0,4.0,4.0,2.0,1.4,1.3,L,W,W,D,W,D,W,D,L,W,10.0,LWWWL,WDDDW,9,9,0,0,0,0,0,0,0,0,0.1,0.2,-0.1,0.2,0.1,0.0
96,2024-10-20,Atleti,Leganés,3.0,1.0,1,0.0,1.0,2,13.0,5.0,5.0,9.0,5.0,1.0,3.0,2.0,1.7,0.8,D,D,D,D,W,D,D,L,W,L,10.0,DDWDW,DDDLL,9,3,0,0,0,0,0,0,0,0,0.8,-0.4,0.2,-0.1,0.9,0.6
97,2024-10-20,Villarreal,Getafe,1.0,1.0,0,1.0,0.0,1,17.0,6.0,17.0,7.0,9.0,2.0,10.0,3.0,1.7,0.8,L,D,W,W,W,L,L,D,W,L,10.0,LWWLW,DWLDL,9,5,0,0,0,0,0,0,0,0,0.0,-0.1,-0.1,-0.1,0.9,0.4
98,2024-10-20,Barça,Sevilla FC,5.0,1.0,1,3.0,0.0,1,28.0,9.0,9.0,10.0,13.0,4.0,6.0,5.0,2.4,1.2,W,W,L,D,W,W,W,L,W,W,10.0,WLWWW,WDWLW,12,10,1,0,0,0,0,0,0,0,1.9,-0.1,0.7,-0.1,1.2,0.2
99,2024-10-21,Valencia,Las Palmas,2.0,3.0,2,1.0,1.0,0,5.0,9.0,13.0,17.0,3.0,4.0,7.0,8.0,0.6,0.3,D,L,L,L,D,D,W,L,L,L,10.0,DLDWL,LLDLL,5,1,0,0,0,0,0,0,0,0,-0.8,-0.8,-0.4,-0.4,0.3,0.4
100,2024-10-25,Espanyol,Sevilla FC,0.0,2.0,2,0.0,2.0,2,10.0,10.0,17.0,15.0,4.0,4.0,7.0,8.0,0.9090909090909091,1.0909090909090908,L,L,W,W,L,D,L,W,L,L,11.0,LWLLL,LWDWL,3,7,0,0,1,0,0,0,0,0,-0.6363636363636364,-0.45454545454545453,-0.2727272727272727,-0.36363636363636365,-0.18181818181818182,-0.36363636363636365
101,2024-10-26,Valladolid,Villarreal,1.0,2.0,2,0.0,1.0,2,8.0,18.0,21.0,18.0,2.0,10.0,7.0,10.0,0.7272727272727273,1.6363636363636365,W,D,L,L,L,W,L,W,D,L,11.0,WLLLD,DLWWL,4,7,0,0,0,0,0,0,0,0,-1.1818181818181819,0.0,-0.45454545454545453,0.0,-0.9090909090909091,-0.2727272727272727
102,2024-10-26,Rayo Vallecano,Alavés,1.0,0.0,1,0.0,0.0,0,11.0,13.0,10.0,18.0,4.0,6.0,2.0,9.0,1.1818181818181819,0.9090909090909091,L,L,W,L,D,L,D,L,D,W,11.0,LWDDD,LLLLW,6,3,0,0,0,0,0,0,0,0,0.09090909090909091,-0.45454545454545453,0.18181818181818182,-0.2727272727272727,0.2727272727272727,0.2727272727272727
103,2024-10-26,Las Palmas,Girona,1.0,0.0,1,1.0,0.0,1,12.0,11.0,19.0,13.0,5.0,4.0,9.0,6.0,0.5454545454545454,1.0909090909090908,W,L,L,W,L,D,D,D,L,L,11.0,WLLDL,LWDDL,4,5,0,0,0,0,0,0,0,0,-0.6363636363636364,-0.18181818181818182,-0.36363636363636365,-0.18181818181818182,-0.5454545454545454,-0.09090909090909091
104,2024-10-26,Real Madrid,Barça,0.0,4.0,2,0.0,0.0,0,21.0,33.0,7.0,10.0,5.0,16.0,1.0,6.0,2.1818181818181817,2.4545454545454546,W,W,W,W,D,L,W,W,W,W,11.0,WWDWW,WWLWW,13,12,0,0,0,0,0,0,0,0,1.2727272727272727,2.090909090909091,0.36363636363636365,0.9090909090909091,-0.2727272727272727,0.09090909090909091
105,2024-10-27,Leganés,Celta,3.0,0.0,1,0.0,0.0,0,6.0,17.0,12.0,17.0,2.0,9.0,2.0,9.0,0.7272727272727273,1.1818181818181819,L,L,D,W,D,D,D,L,L,L,11.0,LDDDL,LWDLL,3,4,0,0,0,0,0,0,0,0,-0.5454545454545454,0.0,0.0,0.0,-0.45454545454545453,-0.09090909090909091
106,2024-10-27,Getafe,Valencia,1.0,1.0,0,0.0,1.0,2,7.0,7.0,8.0,16.0,2.0,4.0,4.0,8.0,0.8181818181818182,0.5454545454545454,D,L,D,D,W,L,L,D,D,W,11.0,DDWLD,LDLDW,6,5,0,0,0,0,0,0,0,0,-0.09090909090909091,-0.8181818181818182,-0.18181818181818182,-0.36363636363636365,0.2727272727272727,0.09090909090909091
107,2024-10-27,Real Betis,Atleti,1.0,0.0,1,1.0,0.0,1,10.0,16.0,9.0,6.0,4.0,5.0,2.0,4.0,1.3636363636363635,1.8181818181818181,W,W,L,D,W,D,D,W,L,D,11.0,WLWDL,WDDWD,7,9,0,0,0,0,0,0,0,0,0.09090909090909091,0.9090909090909091,0.18181818181818182,0.09090909090909091,-0.45454545454545453,-0.18181818181818182
108,2024-10-27,Real Sociedad,Osasuna,0.0,2.0,2,0.0,2.0,2,8.0,14.0,8.0,16.0,3.0,6.0,3.0,6.0,1.0909090909090908,1.3636363636363635,W,L,D,D,W,W,D,D,L,W,11.0,WDWDL,LDWDW,8,8,0,0,0,0,0,0,0,0,0.0,-0.18181818181818182,0.0,0.0,-0.2727272727272727,0.0
109,2024-10-28,Mallorca,Athletic,0.0,0.0,0,0.0,0.0,0,10.0,17.0,8.0,11.0,3.0,12.0,4.0,3.0,1.5454545454545454,1.5454545454545454,W,W,L,L,W,D,W,W,W,W,11.0,WLWWW,WLDWW,12,10,1,0,0,0,0,0,0,0,0.18181818181818182,0.5454545454545454,-0.09090909090909091,0.8181818181818182,0.0,0.18181818181818182
110,2024-11-01,Alavés,Mallorca,1.0,0.0,1,0.0,0.0,0,13.0,10.0,19.0,8.0,6.0,3.0,9.0,4.0,0.8333333333333334,1.5,L,D,L,W,L,L,L,W,L,W,12.0,LLLLL,DWLWW,0,10,0,0,1,1,0,0,0,0,-0.5,0.16666666666666666,-0.25,-0.08333333333333333,-0.6666666666666666,-0.8333333333333334
111,2024-11-02,Osasuna,Valladolid,1.0,0.0,1,1.0,0.0,1,16.0,9.0,16.0,23.0,8.0,2.0,6.0,8.0,1.5,0.6666666666666666,W,L,L,W,D,L,W,L,D,L,12.0,WLDWD,LWLLL,8,3,0,0,0,0,0,0,1,0,0.0,-1.1666666666666667,0.16666666666666666,-0.5,0.8333333333333334,0.4166666666666667
112,2024-11-02,Girona,Leganés,4.0,3.0,1,2.0,2.0,0,11.0,9.0,14.0,12.0,4.0,2.0,7.0,2.0,1.0,0.9166666666666666,L,W,L,L,W,D,D,D,D,D,12.0,LLWDD,WLDDD,5,6,0,0,0,0,0,0,0,0,-0.25,-0.25,-0.25,0.0,0.08333333333333333,-0.08333333333333333
113,2024-11-03,Atleti,Las Palmas,2.0,0.0,1,1.0,0.0,1,16.0,13.0,7.0,19.0,5.0,6.0,5.0,9.0,1.6666666666666667,0.75,L,W,W,W,D,L,D,L,W,D,12.0,LWDDW,WWLLD,8,7,0,0,0,0,0,0,0,0,0.75,-0.5,0.0,-0.25,0.9166666666666666,0.08333333333333333
114,2024-11-03,Barça,Espanyol,3.0,1.0,1,3.0,0.0,1,37.0,10.0,10.0,19.0,16.0,4.0,6.0,9.0,2.5,0.8333333333333334,W,L,W,L,W,W,L,L,W,L,12.0,WWWLW,LLWLL,12,3,0,0,0,0,0,0,0,0,2.25,-0.75,0.8333333333333334,-0.4166666666666667,1.6666666666666667,0.75
115,2024-11-03,Sevilla FC,Real Sociedad,0.0,2.0,2,0.0,1.0,2,12.0,8.0,15.0,10.0,6.0,3.0,8.0,5.0,1.25,1.0,W,L,L,W,W,D,D,W,W,D,12.0,WLWDW,LWDWD,10,8,0,0,0,0,0,0,0,0,-0.25,-0.16666666666666666,-0.16666666666666666,-0.16666666666666666,0.25,0.16666666666666666
116,2024-11-03,Athletic,Real Betis,1.0,1.0,0,0.0,0.0,0,17.0,11.0,11.0,9.0,12.0,5.0,3.0,2.0,1.5,1.5,D,W,W,W,L,L,D,W,W,D,12.0,DWLDW,WWLWD,8,10,0,0,0,0,0,0,0,0,0.5,0.16666666666666666,0.75,0.25,0.0,-0.16666666666666666
117,2024-11-04,Celta,Getafe,1.0,0.0,1,1.0,0.0,1,17.0,8.0,20.0,9.0,9.0,2.0,9.0,5.0,1.0833333333333333,0.8333333333333334,L,D,L,D,W,D,D,W,L,L,12.0,LLWDL,DDDWL,4,6,0,0,0,0,0,0,0,0,-0.25,-0.08333333333333333,0.0,-0.25,0.25,-0.16666666666666666
118,2024-11-08,Rayo Vallecano,Las Palmas,1.0,3.0,2,0.0,1.0,2,12.0,13.0,10.0,19.0,4.0,6.0,2.0,9.0,1.3333333333333333,0.75,W,W,L,W,W,L,D,L,D,D,12.0,WLWDD,WWLLD,8,7,0,0,0,0,0,0,0,0,0.16666666666666666,-0.5,0.16666666666666666,-0.25,0.5833333333333334,0.08333333333333333
119,2024-11-09,Real Madrid,Osasuna,4.0,0.0,1,2.0,0.0,1,21.0,16.0,11.0,16.0,5.0,8.0,1.0,6.0,2.0,1.5,L,W,W,L,W,D,D,W,W,D,12.0,LWWDW,WLDWD,10,8,0,0,0,0,0,0,0,0,0.8333333333333334,0.0,0.3333333333333333,0.16666666666666666,0.5,0.16666666666666666
120,2024-11-09,Villarreal,Alavés,3.0,0.0,1,1.0,0.0,1,23.0,14.0,19.0,19.0,12.0,6.0,10.0,9.0,1.8461538461538463,1.0,W,W,W,L,D,L,L,L,W,L,13.0,WWDLW,WLLLL,10,3,0,0,0,0,0,0,1,0,0.3076923076923077,-0.38461538461538464,0.15384615384615385,-0.23076923076923078,0.8461538461538461,0.5384615384615384
121,2024-11-09,Leganés,Sevilla FC,1.0,0.0,1,0.0,0.0,0,12.0,12.0,16.0,17.0,4.0,6.0,4.0,9.0,0.8461538461538461,1.1538461538461537,L,L,W,W,L,L,D,W,D,D,13.0,LWLDD,LWLWD,5,7,0,0,0,0,0,0,0,0,-0.3076923076923077,-0.38461538461538464,0.0,-0.23076923076923078,-0.3076923076923077,-0.15384615384615385
122,2024-11-10,Real Betis,Celta,2.0,2.0,0,1.0,1.0,0,12.0,18.0,10.0,20.0,5.0,10.0,2.0,9.0,1.4615384615384615,1.2307692307692308,D,W,W,L,W,L,L,W,W,D,13.0,DWWLW,WLLWD,10,7,0,0,0,0,0,0,0,0,0.15384615384615385,-0.15384615384615385,0.23076923076923078,0.07692307692307693,0.23076923076923078,0.23076923076923078
123,2024-11-10,Mallorca,Atleti,0.0,1.0,2,0.0,0.0,0,10.0,18.0,9.0,7.0,3.0,6.0,4.0,5.0,1.3846153846153846,1.7692307692307692,L,W,D,L,W,W,L,D,W,D,13.0,LDWLW,WLWDD,7,8,0,0,0,0,0,0,0,0,0.07692307692307693,0.8461538461538461,-0.07692307692307693,0.07692307692307693,-0.38461538461538464,-0.07692307692307693
124,2024-11-10,Getafe,Girona,0.0,1.0,2,0.0,1.0,2,8.0,15.0,10.0,17.0,2.0,6.0,6.0,9.0,0.7692307692307693,1.1538461538461537,L,W,D,L,D,L,D,W,W,D,13.0,LDDDW,WLLWD,6,7,0,0,0,0,0,0,0,0,-0.15384615384615385,-0.15384615384615385,-0.3076923076923077,-0.23076923076923078,-0.38461538461538464,-0.07692307692307693
125,2024-11-10,Valladolid,Athletic,1.0,1.0,0,0.0,0.0,0,9.0,18.0,24.0,12.0,2.0,12.0,9.0,3.0,0.6153846153846154,1.4615384615384615,L,D,L,D,W,W,L,L,L,D,13.0,LLWLL,DDWLD,3,6,0,0,0,0,0,0,0,0,-1.1538461538461537,0.46153846153846156,-0.5384615384615384,0.6923076923076923,-0.8461538461538461,-0.23076923076923078
126,2024-11-10,Real Sociedad,Barça,1.0,0.0,1,1.0,0.0,1,10.0,40.0,10.0,11.0,4.0,19.0,5.0,6.0,1.1538461538461537,2.5384615384615383,W,W,L,W,W,W,D,W,W,L,13.0,WLWDW,WWWWL,10,12,0,0,0,0,0,0,0,0,0.0,2.230769230769231,-0.07692307692307693,1.0,-1.3846153846153846,-0.15384615384615385
127,2024-11-22,Getafe,Valladolid,2.0,0.0,1,0.0,0.0,0,8.0,9.0,10.0,24.0,2.0,2.0,6.0,9.0,0.7692307692307693,0.6153846153846154,L,L,D,L,D,W,D,L,W,L,13.0,LDDDW,LLWLL,6,3,0,0,0,0,0,0,0,0,-0.15384615384615385,-1.1538461538461537,-0.3076923076923077,-0.5384615384615384,0.15384615384615385,0.23076923076923078
128,2024-11-23,Valencia,Real Betis,4.0,2.0,1,1.0,1.0,0,12.0,12.0,19.0,10.0,6.0,5.0,9.0,2.0,0.7692307692307693,1.4615384615384615,W,D,D,W,L,W,D,L,L,W,13.0,WDLDL,DWWLW,5,10,0,0,0,0,0,0,0,0,-0.5384615384615384,0.15384615384615385,-0.23076923076923078,0.23076923076923078,-0.6923076923076923,-0.38461538461538464
129,2024-11-23,Atleti,Alavés,2.0,1.0,1,0.0,1.0,2,18.0,14.0,7.0,19.0,6.0,6.0,5.0,9.0,1.7692307692307692,1.0,W,W,L,L,W,L,D,L,D,L,13.0,WLWDD,WLLLL,8,3,0,0,0,0,0,0,1,0,0.8461538461538461,-0.38461538461538464,0.07692307692307693,-0.23076923076923078,0.7692307692307693,0.38461538461538464
130,2024-11-23,Las Palmas,Mallorca,2.0,3.0,2,0.0,0.0,0,16.0,10.0,22.0,10.0,7.0,3.0,10.0,4.0,0.8571428571428571,1.2857142857142858,W,L,L,L,W,D,W,W,L,L,14.0,WLWWL,LLDWL,9,4,0,0,0,0,0,0,0,0,-0.42857142857142855,0.0,-0.21428571428571427,-0.07142857142857142,-0.42857142857142855,0.35714285714285715
131,2024-11-23,Girona,Espanyol,4.0,1.0,1,4.0,0.0,1,16.0,12.0,17.0,26.0,7.0,4.0,9.0,16.0,1.2857142857142858,0.7142857142857143,W,L,W,L,L,L,L,L,W,W,14.0,WWLLW,LLLLW,9,3,0,0,0,0,0,0,0,0,-0.07142857142857142,-1.0,-0.14285714285714285,-0.8571428571428571,0.5714285714285714,0.42857142857142855
132,2024-11-23,Celta,Barça,2.0,2.0,0,0.0,1.0,2,20.0,40.0,22.0,12.0,11.0,19.0,10.0,7.0,1.2142857142857142,2.357142857142857,D,L,W,W,L,W,L,W,W,W,14.0,DWLLW,LWWWW,7,12,0,0,0,0,1,0,0,0,-0.14285714285714285,2.0,0.07142857142857142,0.8571428571428571,-1.1428571428571428,-0.35714285714285715
133,2024-11-24,Osasuna,Villarreal,2.0,2.0,0,2.0,0.0,1,17.0,25.0,20.0,21.0,9.0,12.0,8.0,12.0,1.5,1.7857142857142858,L,D,W,W,W,W,L,D,D,L,14.0,LWWLD,DWWDL,7,8,0,0,0,0,0,0,0,0,-0.21428571428571427,0.2857142857142857,0.07142857142857142,0.0,-0.2857142857142857,-0.07142857142857142
134,2024-11-24,Sevilla FC,Rayo Vallecano,1.0,0.0,1,1.0,0.0,1,12.0,13.0,18.0,14.0,6.0,4.0,9.0,4.0,1.0714285714285714,1.1428571428571428,L,L,L,L,W,W,L,L,W,W,14.0,LLWLW,LLWLW,6,6,0,0,0,0,0,0,0,0,-0.42857142857142855,-0.07142857142857142,-0.21428571428571427,0.0,-0.07142857142857142,0.0
135,2024-11-24,Leganés,Real Madrid,0.0,3.0,2,0.0,1.0,2,13.0,28.0,16.0,11.0,4.0,8.0,4.0,1.0,1.0,2.142857142857143,W,W,L,W,W,L,L,W,D,W,14.0,WLWLD,WWLWW,7,12,0,0,0,0,0,0,0,0,-0.21428571428571427,1.2142857142857142,0.0,0.5,-1.1428571428571428,-0.35714285714285715
136,2024-11-24,Athletic,Real Sociedad,1.0,0.0,1,1.0,0.0,1,19.0,11.0,13.0,10.0,12.0,5.0,3.0,5.0,1.4285714285714286,1.2857142857142858,D,W,D,W,D,L,W,W,L,D,14.0,DDDWL,WWLWD,6,10,0,0,0,0,0,0,0,0,0.42857142857142855,0.07142857142857142,0.6428571428571429,0.0,0.14285714285714285,-0.2857142857142857
137,2024-11-29,Mallorca,Valencia,2.0,1.0,1,1.0,1.0,0,10.0,13.0,10.0,21.0,3.0,7.0,4.0,10.0,1.2857142857142858,0.7142857142857143,L,L,L,W,D,D,W,L,L,D,14.0,LLDWL,LWDLD,4,5,0,0,0,0,0,0,0,0,0.0,-0.5714285714285714,-0.07142857142857142,-0.21428571428571427,0.5714285714285714,-0.07142857142857142
138,2024-11-30,Barça,Las Palmas,1.0,2.0,2,0.0,0.0,0,40.0,16.0,12.0,22.0,19.0,7.0,7.0,10.0,2.357142857142857,0.8571428571428571,L,W,W,L,W,W,W,W,W,L,14.0,LWWWW,WLWWL,12,9,1,0,0,0,0,0,0,0,2.0,-0.42857142857142855,0.8571428571428571,-0.21428571428571427,1.5,0.21428571428571427
139,2024-11-30,Alavés,Leganés,1.0,1.0,0,0.0,0.0,0,14.0,13.0,22.0,16.0,6.0,4.0,10.0,4.0,0.9285714285714286,1.0,L,W,W,L,L,W,L,L,L,D,14.0,LWLLL,WLWLD,3,7,0,0,1,0,0,0,0,0,-0.5714285714285714,-0.21428571428571427,-0.2857142857142857,0.0,-0.07142857142857142,-0.2857142857142857
140,2024-11-30,Espanyol,Celta,3.0,1.0,1,1.0,0.0,1,15.0,22.0,27.0,24.0,5.0,11.0,16.0,11.0,0.8666666666666667,1.2,W,D,L,D,L,W,L,L,L,L,15.0,WLLLL,DDWLL,3,5,0,0,1,0,0,0,0,0,-0.8,-0.13333333333333333,-0.7333333333333333,0.0,-0.3333333333333333,-0.13333333333333333
141,2024-11-30,Valladolid,Atleti,0.0,5.0,2,0.0,3.0,2,10.0,21.0,27.0,8.0,2.0,6.0,9.0,6.0,0.6,1.9333333333333333,L,W,D,W,L,W,L,L,W,W,15.0,LDLLW,WWWLW,4,12,0,0,0,0,0,0,0,0,-1.1333333333333333,0.8666666666666667,-0.4666666666666667,0.0,-1.3333333333333333,-0.5333333333333333
142,2024-12-01,Villarreal,Girona,2.0,2.0,0,1.0,0.0,1,27.0,20.0,23.0,18.0,13.0,11.0,12.0,9.0,1.7333333333333334,1.4,D,W,D,W,W,W,W,L,D,L,15.0,DDWWD,WWWLL,9,9,0,0,0,0,0,0,0,0,0.26666666666666666,0.13333333333333333,0.06666666666666667,0.13333333333333333,0.3333333333333333,0.0
143,2024-12-01,Real Madrid,Getafe,2.0,0.0,1,2.0,0.0,1,30.0,10.0,11.0,11.0,10.0,2.0,1.0,7.0,2.2,0.8666666666666667,W,W,W,L,W,L,L,D,W,D,15.0,WWWLW,WLLDD,12,5,0,0,0,0,0,0,0,0,1.2666666666666666,-0.06666666666666667,0.6,-0.3333333333333333,1.3333333333333333,0.4666666666666667
144,2024-12-01,Rayo Vallecano,Athletic,1.0,2.0,2,1.0,0.0,1,14.0,20.0,16.0,13.0,5.0,13.0,4.0,3.0,1.0666666666666667,1.5333333333333334,L,W,L,D,L,D,W,D,L,W,15.0,LLLWL,WDDDW,3,9,0,0,0,0,0,0,0,0,-0.13333333333333333,0.4666666666666667,0.06666666666666667,0.6666666666666666,-0.4666666666666667,-0.4
145,2024-12-01,Real Sociedad,Real Betis,2.0,0.0,1,2.0,0.0,1,11.0,16.0,11.0,16.0,5.0,7.0,6.0,4.0,1.2,1.3333333333333333,L,L,W,D,W,D,L,W,W,W,15.0,LWWLW,LDDWW,9,8,0,0,0,0,0,0,0,0,0.0,0.0,-0.06666666666666667,0.2,-0.13333333333333333,0.06666666666666667
146,2024-12-02,Sevilla FC,Osasuna,1.0,1.0,0,0.0,0.0,0,13.0,19.0,18.0,22.0,7.0,11.0,9.0,8.0,1.2,1.4666666666666666,W,D,L,L,L,W,W,W,L,L,15.0,WLLWL,DLWWL,6,7,0,0,0,0,0,0,0,0,-0.3333333333333333,-0.2,-0.13333333333333333,0.2,-0.26666666666666666,-0.06666666666666667
147,2024-12-03,Mallorca,Barça,1.0,5.0,2,1.0,1.0,0,13.0,42.0,12.0,14.0,3.0,20.0,4.0,7.0,1.4,2.2666666666666666,W,D,L,L,L,W,D,W,W,W,15.0,WLLDW,DLWWW,7,10,0,0,0,0,1,0,0,0,0.06666666666666667,1.8666666666666667,-0.06666666666666667,0.8666666666666667,-0.8666666666666667,-0.2
148,2024-12-04,Athletic,Real Madrid,2.0,1.0,1,0.0,0.0,0,20.0,30.0,13.0,11.0,13.0,10.0,3.0,1.0,1.5333333333333334,2.2,W,W,D,W,D,W,D,L,W,W,15.0,WDDDW,WWWLW,9,12,0,0,0,0,0,0,0,0,0.4666666666666667,1.2666666666666666,0.6666666666666666,0.6,-0.6666666666666666,-0.2
149,2024-12-06,Celta,Mallorca,2.0,0.0,1,1.0,0.0,1,22.0,13.0,24.0,12.0,11.0,3.0,11.0,4.0,1.2,1.4,D,W,D,L,W,L,L,D,L,W,15.0,DDWLL,WLLDW,5,7,0,0,0,0,0,0,0,0,-0.13333333333333333,0.06666666666666667,0.0,-0.06666666666666667,-0.2,-0.13333333333333333
150,2024-12-07,Las Palmas,Valladolid,2.0,1.0,1,1.0,1.0,0,20.0,10.0,26.0,32.0,7.0,2.0,10.0,12.0,0.9375,0.5625,W,L,L,L,W,D,L,L,W,L,16.0,WLWLW,LLDLL,9,1,0,0,0,0,0,0,0,0,-0.375,-1.375,-0.1875,-0.625,0.375,0.5
151,2024-12-07,Real Betis,Barça,2.0,2.0,0,0.0,1.0,2,16.0,43.0,18.0,16.0,7.0,20.0,6.0,7.0,1.25,2.125,L,L,L,D,D,L,D,W,W,W,16.0,LLDDW,LDLWW,5,7,0,0,0,0,0,0,0,0,-0.125,1.6875,0.0625,0.8125,-0.875,-0.125
152,2024-12-07,Valencia,Rayo Vallecano,0.0,1.0,2,0.0,1.0,2,13.0,15.0,23.0,16.0,7.0,6.0,12.0,4.0,0.625,1.1875,L,W,L,L,L,L,W,L,D,W,16.0,LLLWD,WLLLW,4,6,0,0,0,0,0,0,0,0,-0.625,-0.0625,-0.3125,0.125,-0.5625,-0.125
153,2024-12-07,Girona,Real Madrid,0.0,3.0,2,0.0,1.0,2,22.0,31.0,20.0,13.0,11.0,10.0,10.0,1.0,1.375,2.0625,D,L,W,W,W,W,W,W,L,L,16.0,DWWWL,LWWWL,10,9,0,0,0,0,0,0,0,0,0.125,1.125,0.0625,0.5625,-0.6875,0.0625
154,2024-12-08,Leganés,Real Sociedad,0.0,3.0,2,0.0,1.0,2,14.0,13.0,20.0,11.0,4.0,7.0,5.0,6.0,0.9375,1.3125,D,W,L,L,W,W,L,W,W,L,16.0,DLWLW,WLWWL,7,9,0,0,0,0,0,0,0,0,-0.375,0.125,-0.0625,0.0625,-0.375,-0.125
155,2024-12-08,Athletic,Villarreal,2.0,0.0,1,1.0,0.0,1,22.0,27.0,14.0,25.0,13.0,13.0,4.0,13.0,1.625,1.625,W,L,W,D,D,D,D,W,D,W,16.0,WWDDD,LDDWW,9,8,0,0,0,0,0,0,0,0,0.5,0.125,0.5625,0.0,0.0,0.0625
156,2024-12-08,Osasuna,Alavés,2.0,2.0,0,0.0,1.0,2,20.0,16.0,23.0,25.0,11.0,7.0,8.0,10.0,1.4375,0.875,D,D,D,L,L,L,W,W,W,L,16.0,DDLWW,DLLWL,8,4,0,0,0,0,0,0,0,0,-0.1875,-0.5625,0.1875,-0.1875,0.5625,0.25
157,2024-12-08,Atleti,Sevilla FC,4.0,3.0,1,1.0,2.0,2,26.0,14.0,8.0,19.0,9.0,7.0,6.0,9.0,2.0,1.1875,W,D,W,W,W,L,W,L,L,W,16.0,WWWWL,DWLLW,12,7,0,0,0,0,0,0,0,0,1.125,-0.3125,0.1875,-0.125,0.8125,0.3125
158,2024-12-09,Getafe,Espanyol,1.0,0.0,1,1.0,0.0,1,10.0,15.0,13.0,28.0,2.0,5.0,9.0,17.0,0.8125,0.8125,L,L,W,W,L,L,L,L,D,L,16.0,LWLLD,LWLLL,4,3,0,0,0,0,0,0,1,0,-0.1875,-0.8125,-0.4375,-0.75,0.0,0.0625
159,2024-12-13,Valladolid,Valencia,1.0,0.0,1,1.0,0.0,1,10.0,13.0,32.0,23.0,2.0,7.0,12.0,12.0,0.5625,0.625,L,L,L,L,D,L,L,W,L,D,16.0,LLDLL,LLLWD,1,4,0,0,0,0,0,0,0,0,-1.375,-0.625,-0.625,-0.3125,-0.0625,-0.1875
160,2024-12-14,Espanyol,Osasuna,0.0,0.0,0,0.0,0.0,0,15.0,22.0,28.0,25.0,5.0,11.0,17.0,9.0,0.8235294117647058,1.411764705882353,D,D,L,D,W,D,L,L,L,W,17.0,DLWLL,DDDLW,4,6,0,0,0,0,0,0,0,0,-0.7647058823529411,-0.17647058823529413,-0.7058823529411765,0.11764705882352941,-0.5882352941176471,-0.11764705882352941
161,2024-12-14,Mallorca,Girona,2.0,1.0,1,1.0,1.0,0,16.0,22.0,18.0,23.0,5.0,11.0,6.0,11.0,1.411764705882353,1.2941176470588236,L,L,W,D,W,W,L,W,L,W,17.0,LWWLL,LDWWW,6,10,0,0,0,0,1,0,0,0,-0.11764705882352941,-0.058823529411764705,-0.058823529411764705,0.0,0.11764705882352941,-0.23529411764705882
162,2024-12-14,Sevilla FC,Celta,1.0,0.0,1,0.0,0.0,0,17.0,25.0,23.0,27.0,9.0,12.0,10.0,12.0,1.1176470588235294,1.2352941176470589,L,W,D,L,W,D,L,D,L,W,17.0,LDWLL,WLDDW,4,8,0,0,0,0,0,0,0,0,-0.35294117647058826,-0.11764705882352941,-0.058823529411764705,0.0,-0.11764705882352941,-0.23529411764705882
163,2024-12-14,Rayo Vallecano,Real Madrid,3.0,3.0,0,2.0,2.0,0,18.0,34.0,19.0,13.0,8.0,11.0,6.0,1.0,1.1764705882352942,2.1176470588235294,D,W,W,L,L,W,L,W,L,W,17.0,DWLLL,WLWWW,4,12,0,0,1,0,1,0,0,0,-0.058823529411764705,1.2352941176470589,0.11764705882352941,0.5882352941176471,-0.9411764705882353,-0.47058823529411764
164,2024-12-15,Atleti,Getafe,1.0,0.0,1,0.0,0.0,0,30.0,11.0,11.0,13.0,10.0,3.0,8.0,9.0,2.0588235294117645,0.9411764705882353,W,W,W,L,W,W,W,L,W,L,17.0,WWWWW,WLWLL,15,6,1,1,0,0,0,0,0,0,1.1176470588235294,-0.11764705882352941,0.11764705882352941,-0.35294117647058826,1.1176470588235294,0.5294117647058824
165,2024-12-15,Alavés,Athletic,1.0,1.0,0,0.0,1.0,2,18.0,24.0,27.0,15.0,8.0,13.0,10.0,4.0,0.8823529411764706,1.7058823529411764,D,W,D,W,L,W,L,D,W,D,17.0,DDLLW,WWWDD,5,11,0,0,0,0,0,0,0,0,-0.5294117647058824,0.5294117647058824,-0.11764705882352941,0.5294117647058824,-0.8235294117647058,-0.35294117647058826
166,2024-12-15,Villarreal,Real Betis,1.0,2.0,2,0.0,1.0,2,28.0,18.0,27.0,20.0,13.0,7.0,14.0,7.0,1.5294117647058822,1.2352941176470589,L,D,L,L,D,L,D,D,W,D,17.0,LLDDW,DLLDD,5,3,0,0,0,0,0,0,0,0,0.058823529411764705,-0.11764705882352941,-0.058823529411764705,0.0,0.29411764705882354,0.11764705882352941
167,2024-12-15,Real Sociedad,Las Palmas,0.0,0.0,0,0.0,0.0,0,16.0,22.0,11.0,27.0,8.0,8.0,6.0,11.0,1.411764705882353,1.0588235294117647,W,W,W,W,L,L,W,W,W,L,17.0,WWLWW,WWLWL,12,9,0,0,0,0,0,0,0,0,0.29411764705882354,-0.29411764705882354,0.11764705882352941,-0.17647058823529413,0.35294117647058826,0.17647058823529413
168,2024-12-15,Barça,Leganés,0.0,1.0,2,0.0,1.0,2,48.0,14.0,17.0,23.0,21.0,4.0,8.0,6.0,2.176470588235294,0.8823529411764706,W,L,L,D,D,L,L,W,W,L,17.0,WLDLW,LDLWL,7,4,0,0,0,0,0,0,0,0,1.8235294117647058,-0.5294117647058824,0.7647058823529411,-0.11764705882352941,1.2941176470588236,0.17647058823529413
169,2024-12-18,Villarreal,Rayo Vallecano,1.0,1.0,0,1.0,1.0,0,28.0,18.0,27.0,19.0,13.0,8.0,14.0,6.0,1.5294117647058822,1.1764705882352942,L,D,L,W,D,L,D,L,W,L,17.0,LLDDW,DWLLL,5,4,0,0,0,0,0,0,1,0,0.058823529411764705,-0.058823529411764705,-0.058823529411764705,0.11764705882352941,0.35294117647058826,0.058823529411764705
170,2024-12-18,Espanyol,Valencia,1.0,1.0,0,1.0,0.0,1,16.0,16.0,29.0,26.0,6.0,7.0,17.0,14.0,0.8333333333333334,0.6666666666666666,D,D,D,D,L,L,W,L,L,L,18.0,DDLWL,DDLLL,5,2,0,0,0,0,0,0,1,0,-0.7222222222222222,-0.5555555555555556,-0.6111111111111112,-0.3888888888888889,0.16666666666666666,0.16666666666666666
171,2024-12-20,Girona,Valladolid,3.0,0.0,1,2.0,0.0,1,23.0,12.0,25.0,34.0,12.0,4.0,12.0,13.0,1.2222222222222223,0.6666666666666666,L,W,L,L,D,L,W,L,W,D,18.0,LLDWW,WLLLD,7,4,0,0,0,0,0,0,0,0,-0.1111111111111111,-1.2222222222222223,0.0,-0.5,0.5555555555555556,0.16666666666666666
172,2024-12-21,Getafe,Mallorca,0.0,1.0,2,0.0,0.0,0,11.0,16.0,14.0,20.0,3.0,5.0,9.0,7.0,0.8888888888888888,1.3333333333333333,L,L,W,L,L,W,W,W,L,L,18.0,LWLWL,LLWWL,6,6,0,0,0,0,0,0,0,0,-0.16666666666666666,-0.2222222222222222,-0.3333333333333333,-0.1111111111111111,-0.4444444444444444,0.0
173,2024-12-21,Celta,Real Sociedad,2.0,0.0,1,2.0,0.0,1,25.0,16.0,28.0,11.0,12.0,8.0,12.0,6.0,1.1666666666666667,1.3888888888888888,L,D,W,W,L,W,D,L,D,W,18.0,LWLDD,DWWLW,5,10,0,0,0,0,0,0,0,0,-0.16666666666666666,0.2777777777777778,0.0,0.1111111111111111,-0.2222222222222222,-0.2777777777777778
174,2024-12-21,Osasuna,Athletic,1.0,2.0,2,1.0,1.0,0,22.0,26.0,25.0,15.0,11.0,14.0,9.0,4.0,1.3888888888888888,1.7777777777777777,D,W,D,W,D,W,D,W,L,D,18.0,DDDDL,WWWWD,4,13,0,0,0,0,0,0,0,0,-0.16666666666666666,0.6111111111111112,0.1111111111111111,0.5555555555555556,-0.3888888888888889,-0.5
175,2024-12-21,Barça,Atleti,1.0,2.0,2,1.0,0.0,1,50.0,31.0,19.0,11.0,22.0,10.0,8.0,8.0,2.111111111111111,2.111111111111111,D,W,W,W,L,W,D,W,L,W,18.0,DWLDL,WWWWW,5,15,0,0,0,0,1,1,0,0,1.7222222222222223,1.1111111111111112,0.7777777777777778,0.1111111111111111,0.0,-0.5555555555555556
176,2024-12-22,Valencia,Alavés,2.0,2.0,0,0.0,1.0,2,16.0,19.0,26.0,28.0,7.0,8.0,14.0,11.0,0.6666666666666666,0.8888888888888888,D,D,D,D,L,D,L,L,L,L,18.0,DDLLL,DDDLL,2,3,0,0,1,0,0,0,0,0,-0.5555555555555556,-0.5,-0.3888888888888889,-0.16666666666666666,-0.2222222222222222,-0.05555555555555555
177,2024-12-22,Real Madrid,Sevilla FC,4.0,2.0,1,3.0,1.0,1,37.0,18.0,16.0,23.0,13.0,9.0,3.0,10.0,2.0555555555555554,1.2222222222222223,D,W,W,L,L,D,W,W,W,L,18.0,DWLWW,WLDWL,10,7,0,0,0,0,0,0,0,0,1.1666666666666667,-0.2777777777777778,0.5555555555555556,-0.05555555555555555,0.8333333333333334,0.16666666666666666
178,2024-12-22,Leganés,Villarreal,2.0,5.0,2,2.0,2.0,0,15.0,29.0,23.0,28.0,5.0,14.0,6.0,15.0,1.0,1.5,W,D,L,L,D,L,L,D,W,D,18.0,WLDLW,DLLDD,7,3,0,0,0,0,0,0,0,0,-0.4444444444444444,0.05555555555555555,-0.05555555555555555,-0.05555555555555555,-0.5,0.2222222222222222
179,2024-12-22,Las Palmas,Espanyol,1.0,0.0,1,0.0,0.0,0,22.0,16.0,27.0,29.0,8.0,6.0,11.0,17.0,1.0555555555555556,0.8333333333333334,D,D,W,D,W,L,L,W,W,L,18.0,DWWLW,DDLWL,10,5,0,0,0,0,0,0,0,0,-0.2777777777777778,-0.7222222222222222,-0.16666666666666666,-0.6111111111111112,0.2222222222222222,0.2777777777777778
180,2024-12-22,Real Betis,Rayo Vallecano,1.0,1.0,0,1.0,0.0,1,21.0,20.0,22.0,21.0,9.0,9.0,7.0,8.0,1.3157894736842106,1.1578947368421053,D,D,W,D,D,D,L,W,L,L,19.0,DWDLL,DDDWL,5,6,0,0,0,0,0,0,0,0,-0.05263157894736842,-0.05263157894736842,0.10526315789473684,0.05263157894736842,0.15789473684210525,-0.05263157894736842
181,2025-01-03,Valencia,Real Madrid,1.0,2.0,2,1.0,0.0,1,17.0,41.0,28.0,18.0,8.0,16.0,14.0,4.0,0.631578947368421,2.1052631578947367,L,W,D,D,D,W,L,L,L,W,19.0,LDDLL,WDWLW,2,10,0,0,0,0,0,0,0,0,-0.5789473684210527,1.2105263157894737,-0.3157894736842105,0.631578947368421,-1.4736842105263157,-0.42105263157894735
182,2025-01-10,Rayo Vallecano,Celta,2.0,1.0,1,1.0,1.0,0,20.0,27.0,21.0,28.0,9.0,14.0,8.0,12.0,1.1578947368421053,1.263157894736842,D,W,D,L,D,W,W,L,L,D,19.0,DDDWL,WLWLD,6,7,0,0,0,0,0,0,0,0,-0.05263157894736842,-0.05263157894736842,0.05263157894736842,0.10526315789473684,-0.10526315789473684,-0.05263157894736842
183,2025-01-11,Alavés,Girona,0.0,1.0,2,0.0,0.0,0,21.0,26.0,30.0,25.0,9.0,14.0,11.0,12.0,0.8947368421052632,1.3157894736842106,D,W,D,L,D,L,D,D,L,W,19.0,DDDDL,WLLDW,4,7,0,0,0,0,0,0,0,0,-0.47368421052631576,0.05263157894736842,-0.10526315789473684,0.10526315789473684,-0.42105263157894735,-0.15789473684210525
184,2025-01-11,Valladolid,Real Betis,1.0,0.0,1,0.0,0.0,0,12.0,21.0,37.0,22.0,4.0,9.0,15.0,7.0,0.631578947368421,1.3157894736842106,L,D,W,W,L,D,L,L,L,L,19.0,LWLLL,DWDLL,3,5,0,0,1,0,0,0,0,0,-1.3157894736842106,-0.05263157894736842,-0.5789473684210527,0.10526315789473684,-0.6842105263157895,-0.10526315789473684
185,2025-01-11,Espanyol,Leganés,1.0,1.0,0,1.0,1.0,0,16.0,17.0,30.0,28.0,6.0,7.0,17.0,8.0,0.7894736842105263,0.9473684210526315,L,L,D,W,D,L,L,D,W,L,19.0,LDDLW,LWLDL,5,4,0,0,0,0,0,0,0,0,-0.7368421052631579,-0.5789473684210527,-0.5789473684210527,-0.05263157894736842,-0.15789473684210525,0.05263157894736842
186,2025-01-11,Sevilla FC,Valencia,1.0,1.0,0,0.0,0.0,0,20.0,17.0,27.0,28.0,10.0,8.0,13.0,14.0,1.1578947368421053,0.631578947368421,L,L,W,D,L,D,D,L,W,L,19.0,LWLDW,LDDLL,7,2,0,0,0,0,0,0,0,0,-0.3684210526315789,-0.5789473684210527,-0.15789473684210525,-0.3157894736842105,0.5263157894736842,0.2631578947368421
187,2025-01-12,Las Palmas,Getafe,1.0,2.0,2,0.0,0.0,0,23.0,11.0,27.0,15.0,8.0,3.0,11.0,9.0,1.1578947368421053,0.8421052631578947,W,L,D,L,W,W,W,L,L,W,19.0,WDWWL,LLWLW,10,6,0,0,0,0,0,0,0,0,-0.21052631578947367,-0.21052631578947367,-0.15789473684210525,-0.3157894736842105,0.3157894736842105,0.21052631578947367
188,2025-01-12,Atleti,Osasuna,1.0,0.0,1,0.0,0.0,0,33.0,23.0,12.0,27.0,10.0,12.0,9.0,10.0,2.1578947368421053,1.3157894736842106,W,L,W,D,W,D,W,D,W,D,19.0,WWWWW,LDDDD,15,4,1,1,0,0,0,0,0,0,1.105263157894737,-0.21052631578947367,0.05263157894736842,0.10526315789473684,0.8421052631578947,0.5789473684210527
189,2025-01-13,Real Sociedad,Villarreal,1.0,0.0,1,0.0,0.0,0,16.0,34.0,13.0,30.0,8.0,16.0,8.0,17.0,1.3157894736842106,1.5789473684210527,L,W,D,D,W,L,W,L,L,D,19.0,LDWWL,WDLLD,7,5,0,0,0,0,0,0,0,0,0.15789473684210525,0.21052631578947367,0.0,-0.05263157894736842,-0.2631578947368421,0.10526315789473684
190,2025-01-17,Espanyol,Valladolid,2.0,1.0,1,1.0,0.0,1,17.0,13.0,31.0,37.0,7.0,4.0,18.0,15.0,0.8,0.75,D,W,L,L,D,W,D,L,L,L,20.0,DLDDL,WLWLL,3,6,0,0,0,0,0,0,0,0,-0.7,-1.2,-0.55,-0.55,0.05,-0.15
191,2025-01-18,Girona,Sevilla FC,1.0,2.0,2,1.0,0.0,1,27.0,21.0,25.0,28.0,14.0,10.0,12.0,13.0,1.4,1.15,W,D,W,L,L,W,L,L,D,D,20.0,WWLLD,DLWLD,7,5,0,0,0,0,0,0,0,0,0.1,-0.35,0.1,-0.15,0.25,0.1
192,2025-01-18,Leganés,Atleti,1.0,0.0,1,0.0,0.0,0,18.0,34.0,29.0,12.0,8.0,10.0,9.0,9.0,0.95,2.2,D,W,L,W,W,W,L,W,D,W,20.0,DLWLD,WWWWW,5,15,0,0,0,0,1,1,0,0,-0.55,1.1,-0.05,0.05,-1.25,-0.5
193,2025-01-18,Real Betis,Alavés,1.0,3.0,2,1.0,1.0,0,21.0,21.0,23.0,31.0,9.0,9.0,7.0,11.0,1.25,0.85,L,L,D,D,W,D,D,D,L,D,20.0,LDWDL,LDDDD,5,4,0,0,0,0,0,0,0,0,-0.1,-0.5,0.1,-0.1,0.4,0.05
194,2025-01-18,Getafe,Barça,1.0,1.0,0,1.0,1.0,0,13.0,51.0,16.0,22.0,3.0,23.0,9.0,9.0,0.95,1.9,W,L,L,L,L,D,W,W,L,L,20.0,WLLWL,LLDWL,6,4,0,0,0,0,0,0,0,0,-0.15,1.45,-0.3,0.7,-0.95,0.1
195,2025-01-19,Celta,Athletic,1.0,2.0,2,0.0,0.0,0,28.0,29.0,30.0,17.0,15.0,16.0,13.0,5.0,1.2,1.8,L,W,W,D,L,W,W,W,L,W,20.0,LWLWL,WDWWW,6,13,0,0,0,0,1,0,0,0,-0.1,0.6,0.1,0.55,-0.6,-0.35
196,2025-01-19,Real Madrid,Las Palmas,4.0,1.0,1,3.0,1.0,1,43.0,24.0,19.0,29.0,16.0,8.0,5.0,11.0,2.15,1.1,W,L,W,W,D,D,W,W,L,W,20.0,WWDWL,LWDWW,10,10,0,0,0,0,0,0,0,0,1.2,-0.25,0.55,-0.15,1.05,0.0
197,2025-01-19,Osasuna,Rayo Vallecano,1.0,1.0,0,0.0,1.0,2,23.0,22.0,28.0,22.0,12.0,10.0,10.0,9.0,1.25,1.25,L,W,L,D,D,D,D,D,D,W,20.0,LLDDD,WDDDW,3,9,0,0,0,0,0,0,0,0,-0.25,0.0,0.1,0.05,0.0,-0.3
198,2025-01-19,Valencia,Real Sociedad,1.0,0.0,1,1.0,0.0,1,18.0,17.0,29.0,13.0,8.0,8.0,14.0,8.0,0.65,1.4,D,W,L,L,D,D,D,W,L,W,20.0,DLDDL,WLDWW,3,10,0,0,0,0,0,0,0,0,-0.55,0.2,-0.3,0.0,-0.75,-0.35
199,2025-01-20,Villarreal,Mallorca,4.0,0.0,1,4.0,0.0,1,34.0,19.0,31.0,21.0,16.0,6.0,17.0,8.0,1.5,1.5,L,W,W,W,D,L,L,L,L,W,20.0,LWDLL,WWLLW,4,9,0,0,0,0,0,0,0,0,0.15,-0.1,-0.05,-0.1,0.0,-0.25
200,2025-01-24,Las Palmas,Osasuna,1.0,1.0,0,0.0,0.0,0,25.0,24.0,33.0,29.0,9.0,12.0,14.0,11.0,1.0476190476190477,1.2380952380952381,L,D,L,L,W,L,D,D,W,D,21.0,LLWDW,DLLDD,7,3,0,0,0,0,0,0,0,0,-0.38095238095238093,-0.23809523809523808,-0.23809523809523808,0.047619047619047616,-0.19047619047619047,0.19047619047619047
201,2025-01-25,Mallorca,Real Betis,0.0,1.0,2,0.0,0.0,0,19.0,22.0,25.0,26.0,6.0,10.0,12.0,8.0,1.4285714285714286,1.1904761904761905,L,L,W,L,W,D,L,W,L,D,21.0,LWWLL,LLDWD,6,5,0,0,0,0,0,0,0,0,-0.2857142857142857,-0.19047619047619047,-0.2857142857142857,0.09523809523809523,0.23809523809523808,0.047619047619047616
202,2025-01-25,Atleti,Villarreal,1.0,1.0,0,0.0,1.0,2,34.0,38.0,13.0,31.0,10.0,20.0,9.0,17.0,2.0952380952380953,1.5714285714285714,L,W,W,L,W,W,W,D,W,L,21.0,LWWWW,WLWDL,12,7,1,0,0,0,0,0,0,0,1.0,0.3333333333333333,0.047619047619047616,0.14285714285714285,0.5238095238095238,0.23809523809523808
203,2025-01-25,Sevilla FC,Espanyol,1.0,1.0,0,0.0,1.0,2,23.0,19.0,29.0,32.0,10.0,8.0,14.0,18.0,1.2380952380952381,0.9047619047619048,W,W,D,D,L,L,W,D,L,D,21.0,WDLWL,WDLDD,7,6,0,0,0,0,0,0,0,0,-0.2857142857142857,-0.6190476190476191,-0.19047619047619047,-0.47619047619047616,0.3333333333333333,0.047619047619047616
204,2025-01-25,Valladolid,Real Madrid,0.0,3.0,2,0.0,1.0,2,14.0,47.0,39.0,20.0,4.0,19.0,16.0,6.0,0.7142857142857143,2.1904761904761907,L,W,W,W,L,W,W,D,L,W,21.0,LWLWL,WWWDW,6,13,0,0,0,0,0,0,0,0,-1.1904761904761905,1.2857142857142858,-0.5714285714285714,0.6190476190476191,-1.4761904761904763,-0.3333333333333333
205,2025-01-26,Rayo Vallecano,Girona,2.0,1.0,1,0.0,0.0,0,23.0,28.0,23.0,27.0,11.0,15.0,9.0,12.0,1.2380952380952381,1.3333333333333333,D,L,W,W,D,W,D,L,D,L,21.0,DWDDD,LWWLL,7,6,0,0,0,0,0,0,0,0,0.0,0.047619047619047616,0.09523809523809523,0.14285714285714285,-0.09523809523809523,0.047619047619047616
206,2025-01-26,Real Sociedad,Getafe,0.0,3.0,2,0.0,0.0,0,17.0,14.0,14.0,17.0,8.0,4.0,9.0,10.0,1.3333333333333333,0.9523809523809523,L,D,W,W,L,L,D,L,W,W,21.0,LWLDW,DWLLW,7,7,0,0,0,0,0,0,0,0,0.14285714285714285,-0.14285714285714285,-0.047619047619047616,-0.2857142857142857,0.38095238095238093,0.0
207,2025-01-26,Athletic,Leganés,0.0,0.0,0,0.0,0.0,0,31.0,19.0,18.0,29.0,16.0,8.0,5.0,9.0,1.8571428571428572,1.0476190476190477,W,W,W,D,D,L,W,W,W,L,21.0,WWDWW,WDLWL,13,7,0,0,0,0,0,0,0,0,0.6190476190476191,-0.47619047619047616,0.5238095238095238,-0.047619047619047616,0.8095238095238095,0.2857142857142857
208,2025-01-26,Barça,Valencia,7.0,1.0,1,5.0,0.0,1,52.0,19.0,23.0,29.0,24.0,9.0,10.0,14.0,1.8571428571428572,0.7619047619047619,D,W,L,D,L,L,D,D,W,D,21.0,DLLDW,WDLDD,5,6,0,0,0,0,0,0,0,0,1.380952380952381,-0.47619047619047616,0.6666666666666666,-0.23809523809523808,1.0952380952380953,-0.047619047619047616
209,2025-01-27,Alavés,Celta,1.0,1.0,0,1.0,0.0,1,24.0,29.0,32.0,32.0,10.0,15.0,12.0,13.0,0.9523809523809523,1.1428571428571428,W,L,L,L,D,W,D,L,D,W,21.0,WLDDD,LLWLW,6,6,0,0,0,0,0,0,0,0,-0.38095238095238093,-0.14285714285714285,-0.09523809523809523,0.09523809523809523,-0.19047619047619047,0.0
210,2025-01-31,Leganés,Rayo Vallecano,0.0,1.0,2,0.0,0.0,0,19.0,25.0,29.0,24.0,8.0,11.0,9.0,9.0,1.0454545454545454,1.3181818181818181,D,W,W,D,D,W,L,D,W,D,22.0,DWDLW,WDWDD,8,9,0,0,0,0,0,0,0,0,-0.45454545454545453,0.045454545454545456,-0.045454545454545456,0.09090909090909091,-0.2727272727272727,-0.045454545454545456
211,2025-02-01,Getafe,Sevilla FC,0.0,0.0,0,0.0,0.0,0,17.0,24.0,17.0,30.0,4.0,10.0,10.0,15.0,1.0454545454545454,1.2272727272727273,W,D,D,W,W,D,L,L,L,W,22.0,WDWLL,DWDLW,7,8,0,0,0,0,0,0,0,0,0.0,-0.2727272727272727,-0.2727272727272727,-0.22727272727272727,-0.18181818181818182,-0.045454545454545456
212,2025-02-01,Villarreal,Valladolid,5.0,1.0,1,1.0,0.0,1,39.0,14.0,32.0,42.0,21.0,4.0,17.0,17.0,1.5454545454545454,0.6818181818181818,D,L,W,L,L,W,W,L,D,W,22.0,DWLWD,LLWLW,8,6,0,0,0,0,0,0,0,0,0.3181818181818182,-1.2727272727272727,0.18181818181818182,-0.5909090909090909,0.8636363636363636,0.09090909090909091
213,2025-02-01,Atleti,Mallorca,2.0,0.0,1,1.0,0.0,1,35.0,19.0,14.0,26.0,10.0,6.0,10.0,12.0,2.0454545454545454,1.3636363636363635,D,L,L,L,W,W,W,W,W,L,22.0,DLWWW,LLWWL,10,6,1,0,0,0,0,0,0,0,0.9545454545454546,-0.3181818181818182,0.0,-0.2727272727272727,0.6818181818181818,0.18181818181818182
214,2025-02-01,Espanyol,Real Madrid,1.0,0.0,1,0.0,0.0,0,20.0,50.0,33.0,20.0,9.0,20.0,18.0,6.0,0.9090909090909091,2.227272727272727,D,W,W,W,D,W,L,W,D,D,22.0,DWDLD,WWWWD,6,13,0,0,0,0,0,0,0,0,-0.5909090909090909,1.3636363636363635,-0.4090909090909091,0.6363636363636364,-1.3181818181818181,-0.3181818181818182
215,2025-02-02,Barça,Alavés,1.0,0.0,1,0.0,0.0,0,59.0,25.0,24.0,33.0,29.0,11.0,10.0,12.0,1.9090909090909092,0.9545454545454546,W,D,D,W,L,L,L,D,D,D,22.0,WDLLD,DWLDD,5,6,0,0,0,0,0,0,0,0,1.5909090909090908,-0.36363636363636365,0.8636363636363636,-0.045454545454545456,0.9545454545454546,-0.045454545454545456
216,2025-02-02,Valencia,Celta,2.0,1.0,1,1.0,0.0,1,20.0,30.0,36.0,33.0,9.0,15.0,19.0,14.0,0.7272727272727273,1.1363636363636365,L,D,W,L,D,L,L,W,D,L,22.0,LWDLD,DLLWL,5,4,0,0,0,0,0,0,0,0,-0.7272727272727273,-0.13636363636363635,-0.45454545454545453,0.045454545454545456,-0.4090909090909091,0.045454545454545456
217,2025-02-02,Osasuna,Real Sociedad,2.0,1.0,1,1.0,0.0,1,25.0,17.0,30.0,17.0,12.0,8.0,11.0,9.0,1.2272727272727273,1.2727272727272727,D,L,D,L,L,W,L,L,D,D,22.0,DDLLD,LLWLD,3,4,0,0,0,0,0,0,0,0,-0.22727272727272727,0.0,0.045454545454545456,-0.045454545454545456,-0.045454545454545456,-0.045454545454545456
218,2025-02-02,Real Betis,Athletic,2.0,2.0,0,2.0,1.0,1,23.0,31.0,26.0,18.0,10.0,16.0,8.0,5.0,1.2727272727272727,1.8181818181818181,W,D,L,W,L,W,D,D,W,W,22.0,WLLDW,DWWDW,7,11,0,0,0,0,0,0,0,0,-0.13636363636363635,0.5909090909090909,0.09090909090909091,0.5,-0.5454545454545454,-0.18181818181818182
219,2025-02-03,Girona,Las Palmas,2.0,1.0,1,1.0,0.0,1,29.0,26.0,29.0,34.0,15.0,9.0,12.0,14.0,1.2727272727272727,1.0454545454545454,L,D,L,L,W,L,W,W,L,D,22.0,LLWWL,DLLWD,6,5,0,0,0,0,0,0,0,0,0.0,-0.36363636363636365,0.13636363636363635,-0.22727272727272727,0.22727272727272727,0.045454545454545456
220,2025-02-07,Rayo Vallecano,Valladolid,1.0,0.0,1,0.0,0.0,0,26.0,15.0,24.0,47.0,11.0,4.0,9.0,18.0,1.391304347826087,0.6521739130434783,W,L,W,L,D,L,W,W,D,L,23.0,WWDWD,LLLWL,11,3,0,0,0,0,0,0,0,0,0.08695652173913043,-1.391304347826087,0.08695652173913043,-0.6086956521739131,0.7391304347826086,0.34782608695652173
221,2025-02-08,Celta,Real Betis,3.0,2.0,1,0.0,2.0,2,31.0,25.0,35.0,28.0,15.0,12.0,15.0,9.0,1.0869565217391304,1.2608695652173914,L,D,D,W,L,L,L,L,W,D,23.0,LDLLW,DWLLD,4,5,0,0,0,0,0,0,0,0,-0.17391304347826086,-0.13043478260869565,0.0,0.13043478260869565,-0.17391304347826086,-0.043478260869565216
222,2025-02-08,Athletic,Girona,3.0,0.0,1,2.0,0.0,1,33.0,31.0,20.0,30.0,17.0,16.0,7.0,12.0,1.7826086956521738,1.3478260869565217,D,W,D,L,W,L,W,W,D,W,23.0,DDWWD,WLLWW,9,9,0,0,0,0,0,0,0,0,0.5652173913043478,0.043478260869565216,0.43478260869565216,0.17391304347826086,0.43478260869565216,0.0
223,2025-02-08,Las Palmas,Villarreal,1.0,2.0,2,0.0,0.0,0,27.0,44.0,36.0,33.0,9.0,22.0,15.0,17.0,1.0,1.608695652173913,L,W,D,D,L,W,L,L,W,W,23.0,LDLLW,WDWLW,4,10,0,0,0,0,0,0,0,0,-0.391304347826087,0.4782608695652174,-0.2608695652173913,0.21739130434782608,-0.6086956521739131,-0.2608695652173913
224,2025-02-08,Real Madrid,Atleti,1.0,1.0,0,0.0,1.0,2,50.0,37.0,21.0,14.0,20.0,11.0,6.0,10.0,2.130434782608696,2.0869565217391304,L,W,W,D,W,L,W,W,W,W,23.0,LWWWW,WDLWW,12,10,1,0,0,0,0,0,0,0,1.2608695652173914,1.0,0.6086956521739131,0.043478260869565216,0.043478260869565216,0.08695652173913043
225,2025-02-09,Alavés,Getafe,0.0,1.0,2,0.0,1.0,2,25.0,17.0,34.0,17.0,11.0,4.0,12.0,10.0,0.9130434782608695,1.0434782608695652,L,D,D,W,W,D,L,W,D,L,23.0,LDWLD,DWDWL,5,8,0,0,0,0,0,0,0,0,-0.391304347826087,0.0,-0.043478260869565216,-0.2608695652173913,-0.13043478260869565,-0.13043478260869565
226,2025-02-09,Valencia,Leganés,2.0,0.0,1,2.0,0.0,1,22.0,19.0,37.0,30.0,10.0,8.0,19.0,9.0,0.8260869565217391,1.0,W,L,L,D,W,W,D,D,L,L,23.0,WLWDL,LDWDL,7,5,0,0,0,0,0,0,0,0,-0.6521739130434783,-0.4782608695652174,-0.391304347826087,-0.043478260869565216,-0.17391304347826086,0.08695652173913043
227,2025-02-09,Real Sociedad,Espanyol,2.0,1.0,1,1.0,0.0,1,18.0,21.0,19.0,33.0,8.0,9.0,10.0,18.0,1.2173913043478262,1.0,L,W,L,D,L,W,W,D,L,L,23.0,LLLWL,WDWDL,3,8,0,0,0,0,0,0,0,0,-0.043478260869565216,-0.5217391304347826,-0.08695652173913043,-0.391304347826087,0.21739130434782608,-0.21739130434782608
228,2025-02-09,Sevilla FC,Barça,1.0,4.0,2,1.0,1.0,0,24.0,60.0,30.0,24.0,10.0,29.0,15.0,10.0,1.2173913043478262,1.9565217391304348,D,W,D,W,W,D,D,L,L,L,23.0,DDWDL,WWDLL,6,7,0,0,0,0,0,0,0,0,-0.2608695652173913,1.565217391304348,-0.21739130434782608,0.8260869565217391,-0.7391304347826086,-0.043478260869565216
229,2025-02-10,Mallorca,Osasuna,1.0,1.0,0,0.0,0.0,0,19.0,27.0,28.0,31.0,6.0,13.0,13.0,11.0,1.3043478260869565,1.3043478260869565,L,W,L,D,L,D,W,L,W,L,23.0,LLLWW,WDDLL,6,5,0,0,0,0,0,0,0,0,-0.391304347826087,-0.17391304347826086,-0.30434782608695654,0.08695652173913043,0.0,0.043478260869565216
230,2025-02-14,Girona,Getafe,1.0,2.0,2,0.0,1.0,2,31.0,18.0,33.0,17.0,16.0,5.0,14.0,10.0,1.2916666666666667,1.125,L,W,W,D,L,W,L,D,W,W,24.0,LWLLW,WDWDW,6,11,0,0,0,0,0,0,0,0,-0.08333333333333333,0.041666666666666664,0.08333333333333333,-0.20833333333333334,0.16666666666666666,-0.20833333333333334
231,2025-02-15,Leganés,Alavés,3.0,3.0,0,2.0,1.0,1,19.0,25.0,32.0,35.0,8.0,11.0,11.0,13.0,0.9583333333333334,0.875,L,L,L,L,D,D,W,W,D,L,24.0,LLDWD,LLDWL,5,4,0,0,0,0,0,0,0,0,-0.5416666666666666,-0.4166666666666667,-0.125,-0.08333333333333333,0.08333333333333333,0.041666666666666664
232,2025-02-15,Osasuna,Real Madrid,1.0,1.0,0,0.0,1.0,2,28.0,51.0,32.0,22.0,13.0,20.0,11.0,7.0,1.2916666666666667,2.0833333333333335,D,D,W,L,D,W,D,W,L,W,24.0,DWDDL,DLWWW,6,10,0,0,0,0,1,0,0,0,-0.16666666666666666,1.2083333333333333,0.08333333333333333,0.5416666666666666,-0.7916666666666666,-0.16666666666666666
233,2025-02-15,Atleti,Celta,1.0,1.0,0,0.0,0.0,0,38.0,34.0,15.0,37.0,12.0,15.0,10.0,17.0,2.0416666666666665,1.1666666666666667,D,W,W,L,D,D,L,L,W,L,24.0,DWDLW,WLDLL,8,4,0,0,0,0,0,0,0,0,0.9583333333333334,-0.125,0.08333333333333333,-0.08333333333333333,0.875,0.16666666666666666
234,2025-02-15,Villarreal,Valencia,1.0,1.0,0,1.0,0.0,1,46.0,24.0,34.0,37.0,22.0,12.0,17.0,19.0,1.6666666666666667,0.9166666666666666,W,W,W,W,D,L,W,W,L,D,24.0,WWDWL,WWLWD,10,10,0,0,0,0,0,0,0,0,0.5,-0.5416666666666666,0.20833333333333334,-0.2916666666666667,0.75,0.0
235,2025-02-16,Espanyol,Athletic,1.0,1.0,0,0.0,0.0,0,22.0,36.0,35.0,20.0,9.0,19.0,19.0,7.0,0.9583333333333334,1.8333333333333333,L,W,W,D,D,D,W,W,D,W,24.0,LWDWD,WDDWW,8,11,0,0,0,0,0,0,0,0,-0.5416666666666666,0.6666666666666666,-0.4166666666666667,0.5,-0.875,-0.125
236,2025-02-16,Valladolid,Sevilla FC,0.0,4.0,2,0.0,2.0,2,15.0,25.0,48.0,34.0,4.0,11.0,18.0,16.0,0.625,1.1666666666666667,L,L,L,D,L,D,L,W,W,D,24.0,LLLLW,LDDWD,3,6,0,0,0,0,0,0,0,0,-1.375,-0.375,-0.5833333333333334,-0.20833333333333334,-0.5416666666666666,-0.125
237,2025-02-16,Mallorca,Las Palmas,3.0,1.0,1,3.0,0.0,1,20.0,28.0,29.0,38.0,6.0,9.0,13.0,15.0,1.2916666666666667,0.9583333333333334,D,L,L,L,L,D,L,L,W,L,24.0,DLLLW,LLDLL,4,1,0,0,0,0,0,0,0,0,-0.375,-0.4166666666666667,-0.2916666666666667,-0.25,0.3333333333333333,0.125
238,2025-02-16,Real Betis,Real Sociedad,3.0,0.0,1,0.0,0.0,0,27.0,20.0,31.0,20.0,14.0,9.0,9.0,10.0,1.2083333333333333,1.2916666666666667,L,W,D,L,W,L,L,L,L,W,24.0,LDWLL,WLLLW,4,6,0,0,0,0,0,0,0,0,-0.16666666666666666,0.0,0.20833333333333334,-0.041666666666666664,-0.08333333333333333,-0.08333333333333333
239,2025-02-17,Barça,Rayo Vallecano,1.0,0.0,1,1.0,0.0,1,64.0,27.0,25.0,24.0,30.0,11.0,11.0,9.0,2.0,1.4583333333333333,W,W,W,W,W,W,D,D,L,W,24.0,WWWDL,WWWDW,10,13,0,0,0,0,0,0,0,0,1.625,0.125,0.7916666666666666,0.08333333333333333,0.5416666666666666,-0.125
240,2025-02-21,Celta,Osasuna,1.0,0.0,1,0.0,0.0,0,35.0,29.0,38.0,33.0,15.0,13.0,17.0,12.0,1.16,1.28,D,D,W,D,L,W,D,D,L,D,25.0,DWLDL,DDWDD,5,7,0,0,0,0,0,0,0,0,-0.12,-0.16,-0.08,0.04,-0.12,-0.08
241,2025-02-22,Alavés,Espanyol,0.0,1.0,2,0.0,0.0,0,28.0,23.0,38.0,36.0,12.0,9.0,15.0,19.0,0.88,0.96,D,D,L,L,L,W,D,D,W,W,25.0,DLLDW,DLWDW,5,8,0,0,0,0,0,0,0,0,-0.4,-0.52,-0.12,-0.4,-0.08,-0.12
242,2025-02-22,Rayo Vallecano,Villarreal,0.0,1.0,2,0.0,0.0,0,27.0,47.0,25.0,35.0,11.0,23.0,10.0,17.0,1.4,1.64,L,D,W,W,W,W,W,D,D,W,25.0,LWWWD,DWWDW,10,11,0,0,0,0,0,0,0,0,0.08,0.48,0.04,0.24,-0.24,-0.04
243,2025-02-22,Valencia,Atleti,0.0,3.0,2,0.0,2.0,2,25.0,39.0,38.0,16.0,12.0,12.0,20.0,10.0,0.92,2.0,D,D,W,D,W,W,L,D,W,L,25.0,DWWLW,DDWDL,10,6,0,0,0,0,0,0,0,0,-0.52,0.92,-0.32,0.08,-1.08,0.16
244,2025-02-22,Las Palmas,Barça,0.0,2.0,2,0.0,0.0,0,29.0,65.0,41.0,25.0,9.0,31.0,18.0,11.0,0.92,2.04,L,W,L,W,L,W,D,W,L,D,25.0,LLLDL,WWWWD,1,13,0,0,0,0,0,0,0,0,-0.48,1.6,-0.36,0.8,-1.12,-0.48
245,2025-02-23,Athletic,Valladolid,7.0,1.0,1,4.0,0.0,1,37.0,15.0,21.0,52.0,19.0,4.0,7.0,20.0,1.8,0.6,D,L,W,L,D,L,D,L,W,L,25.0,DWDDW,LLLLL,9,0,0,0,0,0,0,0,1,1,0.64,-1.48,0.48,-0.64,1.2,0.36
246,2025-02-23,Real Madrid,Girona,2.0,0.0,1,1.0,0.0,1,52.0,32.0,23.0,35.0,21.0,16.0,7.0,15.0,2.04,1.24,D,L,D,L,L,W,W,L,W,L,25.0,DDLWW,LLWLL,8,3,0,0,0,0,0,0,0,0,1.16,-0.12,0.56,0.04,0.8,0.2
247,2025-02-23,Getafe,Real Betis,1.0,2.0,2,0.0,1.0,2,20.0,30.0,18.0,31.0,6.0,14.0,10.0,9.0,1.2,1.28,W,W,W,L,D,D,W,W,D,L,25.0,WWDWD,WLDWL,11,7,0,0,0,0,0,0,0,0,0.08,-0.04,-0.16,0.2,-0.08,0.16
248,2025-02-23,Real Sociedad,Leganés,3.0,0.0,1,1.0,0.0,1,20.0,22.0,23.0,35.0,9.0,10.0,10.0,12.0,1.24,0.96,L,D,W,L,L,L,L,D,L,W,25.0,LWLLL,DLLDW,3,5,0,0,1,0,0,0,0,0,-0.12,-0.52,-0.04,-0.08,0.28,-0.08
249,2025-02-24,Sevilla FC,Mallorca,1.0,1.0,0,1.0,0.0,1,29.0,23.0,34.0,30.0,13.0,9.0,16.0,13.0,1.24,1.36,W,W,L,D,D,L,D,L,W,L,25.0,WLDDW,WDLLL,8,4,0,0,0,0,0,0,1,0,-0.2,-0.28,-0.12,-0.16,-0.12,0.16
250,2025-02-28,Valladolid,Las Palmas,1.0,1.0,0,0.0,1.0,2,16.0,29.0,59.0,43.0,4.0,9.0,24.0,18.0,0.5769230769230769,0.8846153846153846,L,L,L,L,L,L,L,L,L,D,26.0,LLLLL,LLLLD,0,1,0,0,1,1,0,0,0,0,-1.6538461538461537,-0.5384615384615384,-0.7692307692307693,-0.34615384615384615,-0.3076923076923077,-0.038461538461538464
251,2025-03-01,Girona,Celta,2.0,2.0,0,1.0,1.0,0,32.0,36.0,37.0,38.0,16.0,15.0,16.0,17.0,1.1923076923076923,1.2307692307692308,L,W,L,D,L,W,W,L,L,D,26.0,LLLWL,WDWLD,3,8,0,0,0,0,0,0,0,0,-0.19230769230769232,-0.07692307692307693,0.0,-0.07692307692307693,-0.038461538461538464,-0.19230769230769232
252,2025-03-01,Rayo Vallecano,Sevilla FC,1.0,1.0,0,0.0,0.0,0,27.0,30.0,26.0,35.0,11.0,14.0,10.0,16.0,1.3461538461538463,1.2307692307692308,L,D,L,W,W,L,W,D,W,D,26.0,LLWWW,DWLDD,9,6,1,0,0,0,0,0,0,0,0.038461538461538464,-0.19230769230769232,0.038461538461538464,-0.07692307692307693,0.11538461538461539,0.11538461538461539
253,2025-03-01,Real Betis,Real Madrid,2.0,1.0,1,1.0,1.0,0,32.0,54.0,32.0,23.0,15.0,22.0,9.0,7.0,1.3461538461538463,2.076923076923077,W,W,W,D,L,D,D,L,W,W,26.0,WWLDW,WDDLW,10,8,0,0,0,0,0,0,0,0,0.0,1.1923076923076923,0.23076923076923078,0.5769230769230769,-0.7307692307692307,0.07692307692307693
254,2025-03-01,Atleti,Athletic,1.0,0.0,1,0.0,0.0,0,42.0,44.0,16.0,22.0,14.0,23.0,10.0,7.0,2.0384615384615383,1.8461538461538463,W,W,D,D,D,W,W,D,D,D,26.0,WDDWD,WDWDD,9,9,0,0,0,0,0,0,0,0,1.0,0.8461538461538461,0.15384615384615385,0.6153846153846154,0.19230769230769232,0.0
255,2025-03-02,Leganés,Getafe,1.0,0.0,1,0.0,0.0,0,22.0,21.0,38.0,20.0,10.0,6.0,13.0,11.0,0.9230769230769231,1.1538461538461537,L,L,D,W,L,W,L,D,D,W,26.0,LDLLD,LWWDW,2,10,0,0,0,0,0,0,0,0,-0.6153846153846154,0.038461538461538464,-0.11538461538461539,-0.19230769230769232,-0.23076923076923078,-0.3076923076923077
256,2025-03-02,Barça,Real Sociedad,4.0,0.0,1,2.0,0.0,1,67.0,23.0,25.0,23.0,31.0,10.0,11.0,10.0,2.076923076923077,1.3076923076923077,W,W,W,L,W,W,W,L,W,L,26.0,WWWWW,WLWLL,15,6,1,1,0,0,0,0,0,0,1.6153846153846154,0.0,0.7692307692307693,0.0,0.7692307692307693,0.34615384615384615
257,2025-03-02,Mallorca,Alavés,1.0,1.0,0,1.0,0.0,1,24.0,28.0,31.0,39.0,9.0,12.0,14.0,15.0,1.3461538461538463,0.8461538461538461,D,L,W,D,D,L,L,L,L,D,26.0,DWDLL,LDLLD,5,2,0,0,0,0,0,0,0,0,-0.2692307692307692,-0.4230769230769231,-0.19230769230769232,-0.11538461538461539,0.5,0.11538461538461539
258,2025-03-02,Osasuna,Valencia,3.0,3.0,0,3.0,2.0,1,29.0,25.0,34.0,41.0,13.0,12.0,12.0,22.0,1.2307692307692308,0.8846153846153846,L,L,D,D,D,W,W,W,D,L,26.0,LDDWD,LDWWL,6,7,0,0,0,0,0,0,0,0,-0.19230769230769232,-0.6153846153846154,0.038461538461538464,-0.38461538461538464,0.34615384615384615,-0.038461538461538464
259,2025-03-08,Celta,Leganés,2.0,1.0,1,2.0,1.0,1,36.0,22.0,38.0,38.0,15.0,10.0,17.0,13.0,1.2307692307692308,0.9230769230769231,W,L,D,D,W,L,L,L,D,D,26.0,WDWLD,LDLLD,8,2,0,0,0,0,0,0,0,0,-0.07692307692307693,-0.6153846153846154,-0.07692307692307693,-0.11538461538461539,0.3076923076923077,0.23076923076923078
260,2025-03-08,Alavés,Villarreal,1.0,0.0,1,1.0,0.0,1,29.0,48.0,40.0,36.0,12.0,23.0,16.0,18.0,0.8518518518518519,1.6296296296296295,D,L,L,W,D,D,L,W,L,W,27.0,DLDLL,LWDWW,2,10,0,0,0,0,0,0,0,0,-0.4074074074074074,0.4444444444444444,-0.14814814814814814,0.18518518518518517,-0.7777777777777778,-0.2962962962962963
261,2025-03-08,Valencia,Valladolid,2.0,1.0,1,1.0,1.0,0,28.0,17.0,44.0,60.0,14.0,4.0,25.0,25.0,0.8888888888888888,0.5925925925925926,D,D,L,L,D,L,W,L,W,L,27.0,DLDWW,DLLLL,8,1,0,0,0,0,0,0,1,0,-0.5925925925925926,-1.5925925925925926,-0.4074074074074074,-0.7777777777777778,0.2962962962962963,0.25925925925925924
262,2025-03-09,Getafe,Atleti,2.0,1.0,1,0.0,0.0,0,21.0,43.0,21.0,16.0,6.0,14.0,11.0,10.0,1.1111111111111112,2.074074074074074,L,W,L,W,W,D,W,D,D,W,27.0,LLWWD,WWDDW,7,11,0,0,0,0,0,0,0,0,0.0,1.0,-0.18518518518518517,0.14814814814814814,-0.9629629629629629,-0.14814814814814814
263,2025-03-09,Real Madrid,Rayo Vallecano,2.0,1.0,1,2.0,1.0,1,55.0,28.0,25.0,27.0,23.0,11.0,8.0,10.0,2.0,1.3333333333333333,L,D,W,L,D,L,D,W,L,W,27.0,LWDDL,DLLWW,5,7,0,0,0,0,0,0,0,0,1.1111111111111112,0.037037037037037035,0.5555555555555556,0.037037037037037035,0.6666666666666666,-0.07407407407407407
264,2025-03-09,Athletic,Mallorca,1.0,1.0,0,0.0,0.0,0,44.0,25.0,23.0,32.0,23.0,10.0,7.0,14.0,1.7777777777777777,1.3333333333333333,L,D,W,D,D,W,W,D,D,L,27.0,LWDWD,DDWDL,8,6,0,0,0,0,0,0,0,0,0.7777777777777778,-0.25925925925925924,0.5925925925925926,-0.14814814814814814,0.4444444444444444,0.07407407407407407
265,2025-03-09,Real Betis,Las Palmas,1.0,0.0,1,0.0,0.0,0,34.0,30.0,33.0,44.0,16.0,10.0,10.0,18.0,1.4074074074074074,0.8888888888888888,W,D,W,L,W,L,L,L,D,L,27.0,WWWLD,DLLLL,10,1,0,0,0,0,0,0,1,0,0.037037037037037035,-0.5185185185185185,0.2222222222222222,-0.2962962962962963,0.5185185185185185,0.3333333333333333
266,2025-03-09,Real Sociedad,Sevilla FC,0.0,1.0,2,0.0,0.0,0,23.0,31.0,27.0,36.0,10.0,14.0,12.0,16.0,1.2592592592592593,1.2222222222222223,L,D,W,D,L,W,W,L,L,D,27.0,LWLWL,DDWLD,6,6,0,0,0,0,0,0,0,0,-0.14814814814814814,-0.18518518518518517,-0.07407407407407407,-0.07407407407407407,0.037037037037037035,0.0
267,2025-03-10,Espanyol,Girona,1.0,1.0,0,0.0,0.0,0,25.0,34.0,37.0,39.0,9.0,17.0,19.0,17.0,1.037037037037037,1.1851851851851851,D,D,W,L,D,L,L,L,W,W,27.0,DWDLW,DLLLW,8,4,0,0,0,0,0,0,0,0,-0.4444444444444444,-0.18518518518518517,-0.37037037037037035,0.0,-0.14814814814814814,0.14814814814814814
268,2025-03-14,Las Palmas,Alavés,2.0,2.0,0,0.0,1.0,2,30.0,29.0,44.0,40.0,10.0,12.0,18.0,16.0,0.8888888888888888,0.8518518518518519,D,D,L,L,L,D,L,L,L,L,27.0,DLLLL,DLDLL,1,2,0,0,1,0,0,0,0,0,-0.5185185185185185,-0.4074074074074074,-0.2962962962962963,-0.14814814814814814,0.037037037037037035,-0.037037037037037035
269,2025-03-15,Valladolid,Celta,0.0,1.0,2,0.0,0.0,0,17.0,38.0,60.0,40.0,4.0,16.0,25.0,18.0,0.5925925925925926,1.2222222222222223,D,D,L,W,L,D,L,W,L,L,27.0,DLLLL,DWDWL,1,8,0,0,1,0,0,0,0,0,-1.5925925925925926,-0.07407407407407407,-0.7777777777777778,-0.07407407407407407,-0.6296296296296297,-0.25925925925925924
270,2025-03-15,Mallorca,Espanyol,2.0,1.0,1,0.0,0.0,0,26.0,26.0,33.0,39.0,10.0,9.0,14.0,19.0,1.3214285714285714,1.0,D,L,D,D,D,W,W,D,D,L,28.0,DDDWD,LDWDL,7,5,0,0,0,0,0,0,0,0,-0.25,-0.4642857142857143,-0.14285714285714285,-0.35714285714285715,0.32142857142857145,0.07142857142857142
271,2025-03-15,Villarreal,Real Madrid,1.0,2.0,2,1.0,2.0,2,49.0,57.0,38.0,26.0,24.0,25.0,20.0,9.0,1.5714285714285714,2.0357142857142856,L,W,L,L,W,W,D,D,W,D,28.0,LLWDW,WLWDD,7,8,0,0,0,0,0,0,0,0,0.39285714285714285,1.1071428571428572,0.14285714285714285,0.5714285714285714,-0.4642857142857143,-0.03571428571428571
272,2025-03-15,Girona,Valencia,1.0,1.0,0,0.0,0.0,0,35.0,30.0,40.0,45.0,17.0,15.0,17.0,26.0,1.1785714285714286,0.9642857142857143,D,W,D,D,L,L,L,D,L,W,28.0,DDLLL,WDLDW,2,8,0,0,1,0,0,0,0,0,-0.17857142857142858,-0.5357142857142857,0.0,-0.39285714285714285,0.21428571428571427,-0.21428571428571427
273,2025-03-16,Leganés,Real Betis,2.0,3.0,2,2.0,0.0,1,24.0,35.0,40.0,33.0,11.0,16.0,15.0,10.0,0.9642857142857143,1.4642857142857142,L,W,W,W,L,W,D,W,L,L,28.0,LWLDL,WWWWL,4,12,0,0,0,0,0,0,0,0,-0.5714285714285714,0.07142857142857142,-0.14285714285714285,0.21428571428571427,-0.5,-0.2857142857142857
274,2025-03-16,Sevilla FC,Athletic,0.0,1.0,2,0.0,0.0,0,32.0,45.0,36.0,24.0,14.0,23.0,16.0,7.0,1.2857142857142858,1.75,W,D,D,L,D,W,W,D,L,W,28.0,WDDWL,DLWDW,8,8,0,0,0,0,0,0,0,0,-0.14285714285714285,0.75,-0.07142857142857142,0.5714285714285714,-0.4642857142857143,0.0
275,2025-03-16,Osasuna,Getafe,1.0,2.0,2,1.0,0.0,1,33.0,23.0,39.0,22.0,17.0,6.0,14.0,11.0,1.1785714285714286,1.1785714285714286,L,W,D,L,L,L,D,W,D,W,28.0,LDLDD,WLLWW,3,9,0,0,0,0,0,0,0,0,-0.21428571428571427,0.03571428571428571,0.10714285714285714,-0.17857142857142858,0.0,-0.21428571428571427
276,2025-03-16,Rayo Vallecano,Real Sociedad,2.0,2.0,0,0.0,1.0,2,29.0,23.0,29.0,28.0,12.0,10.0,12.0,12.0,1.2857142857142858,1.2142857142857142,L,L,D,L,L,W,L,L,W,W,28.0,LDLLW,LLWLW,4,6,0,0,0,0,0,0,0,0,0.0,-0.17857142857142858,0.0,-0.07142857142857142,0.07142857142857142,-0.07142857142857142
277,2025-03-16,Atleti,Barça,2.0,4.0,2,1.0,0.0,1,44.0,75.0,18.0,27.0,14.0,33.0,10.0,12.0,2.0,2.142857142857143,L,W,W,W,W,W,D,W,D,W,28.0,LWWDD,WWWWW,8,15,0,0,0,0,1,1,0,0,0.9285714285714286,1.7142857142857142,0.14285714285714285,0.75,-0.14285714285714285,-0.25
278,2025-03-27,Barça,Osasuna,3.0,0.0,1,2.0,0.0,1,75.0,33.0,27.0,39.0,33.0,17.0,12.0,14.0,2.142857142857143,1.1785714285714286,W,L,W,D,W,L,W,D,W,D,28.0,WWWWW,LDLDD,15,3,1,1,0,0,0,0,0,0,1.7142857142857142,-0.21428571428571427,0.75,0.10714285714285714,0.9642857142857143,0.42857142857142855
279,2025-03-29,Real Sociedad,Valladolid,2.0,1.0,1,1.0,0.0,1,23.0,18.0,28.0,62.0,10.0,5.0,12.0,26.0,1.2142857142857142,0.5714285714285714,L,L,L,D,W,L,L,L,W,L,28.0,LLWLW,LDLLL,6,1,0,0,0,0,0,0,1,0,-0.17857142857142858,-1.5714285714285714,-0.07142857142857142,-0.75,0.6428571428571429,0.17857142857142858
280,2025-03-29,Espanyol,Atleti,1.0,1.0,0,0.0,1.0,2,27.0,46.0,40.0,22.0,9.0,15.0,20.0,10.0,1.0,1.9310344827586208,D,L,L,L,D,W,W,W,D,D,29.0,DLDWD,LLWWD,6,7,0,0,0,0,0,0,0,0,-0.4482758620689655,0.8275862068965517,-0.3793103448275862,0.1724137931034483,-0.9310344827586207,-0.034482758620689655
281,2025-03-29,Alavés,Rayo Vallecano,0.0,2.0,2,0.0,1.0,2,32.0,31.0,42.0,31.0,14.0,12.0,16.0,13.0,0.9310344827586207,1.2758620689655173,D,D,W,L,D,D,L,L,D,L,29.0,DWDLD,DLDLL,6,2,0,0,0,0,0,0,0,0,-0.3448275862068966,0.0,-0.06896551724137931,-0.034482758620689655,-0.3448275862068966,0.13793103448275862
282,2025-03-29,Real Madrid,Leganés,3.0,2.0,1,1.0,2.0,2,59.0,26.0,27.0,43.0,27.0,13.0,10.0,15.0,2.0689655172413794,0.9310344827586207,W,L,W,L,L,W,W,L,D,D,29.0,WWLWD,LLWLD,10,4,0,0,0,0,0,0,0,0,1.103448275862069,-0.5862068965517241,0.5862068965517241,-0.06896551724137931,1.1379310344827587,0.20689655172413793
283,2025-03-30,Getafe,Villarreal,1.0,2.0,2,1.0,2.0,2,25.0,51.0,23.0,39.0,6.0,26.0,12.0,21.0,1.2413793103448276,1.6206896551724137,W,W,W,L,L,L,L,W,W,D,29.0,WWLLW,WLLWD,9,7,0,0,0,0,0,0,0,0,0.06896551724137931,0.41379310344827586,-0.20689655172413793,0.1724137931034483,-0.3793103448275862,0.06896551724137931
284,2025-03-30,Barça,Girona,4.0,1.0,1,1.0,0.0,1,78.0,36.0,27.0,41.0,35.0,17.0,12.0,17.0,2.1724137931034484,1.1724137931034482,W,D,W,D,W,D,W,L,W,L,29.0,WWWWW,DDDLL,15,3,1,1,0,0,0,0,0,0,1.7586206896551724,-0.1724137931034483,0.7931034482758621,0.0,1.0,0.41379310344827586
285,2025-03-30,Athletic,Osasuna,0.0,0.0,0,0.0,0.0,0,46.0,33.0,24.0,42.0,23.0,17.0,7.0,16.0,1.793103448275862,1.1379310344827587,W,L,D,L,L,D,W,L,D,D,29.0,WDLWD,LLDLD,8,2,0,0,0,0,0,0,0,0,0.7586206896551724,-0.3103448275862069,0.5517241379310345,0.034482758620689655,0.6551724137931034,0.20689655172413793
286,2025-03-30,Valencia,Mallorca,1.0,0.0,1,0.0,0.0,0,31.0,28.0,46.0,34.0,15.0,10.0,26.0,14.0,0.9655172413793104,1.3793103448275863,D,W,W,D,D,D,L,D,D,W,29.0,DWDLD,WDDDW,6,9,0,0,0,0,0,0,0,0,-0.5172413793103449,-0.20689655172413793,-0.3793103448275862,-0.13793103448275862,-0.41379310344827586,-0.10344827586206896
287,2025-03-30,Real Betis,Sevilla FC,2.0,1.0,1,2.0,1.0,1,38.0,32.0,35.0,37.0,16.0,14.0,12.0,16.0,1.5172413793103448,1.2413793103448276,W,L,W,W,W,D,W,D,W,W,29.0,WWWWW,LWDDW,15,8,1,1,0,0,0,0,0,0,0.10344827586206896,-0.1724137931034483,0.13793103448275862,-0.06896551724137931,0.27586206896551724,0.2413793103448276
288,2025-03-31,Celta,Las Palmas,1.0,1.0,0,1.0,0.0,1,41.0,32.0,41.0,47.0,18.0,10.0,19.0,19.0,1.3448275862068966,0.8620689655172413,W,D,W,L,D,D,W,L,D,L,29.0,WWDWD,DLDLL,11,2,0,0,0,0,0,0,0,0,0.0,-0.5172413793103449,-0.034482758620689655,-0.3103448275862069,0.4827586206896552,0.3103448275862069
289,2025-04-04,Rayo Vallecano,Espanyol,0.0,4.0,2,0.0,2.0,2,31.0,27.0,31.0,40.0,12.0,9.0,13.0,20.0,1.2758620689655173,1.0,D,D,L,L,D,D,L,W,L,D,29.0,DLDLL,DLDWD,2,6,0,0,0,0,0,0,0,0,0.0,-0.4482758620689655,-0.034482758620689655,-0.3793103448275862,0.27586206896551724,-0.13793103448275862
290,2025-04-05,Girona,Alavés,0.0,1.0,2,0.0,0.0,0,37.0,32.0,45.0,44.0,17.0,14.0,18.0,17.0,1.1333333333333333,0.9,L,L,D,D,D,W,D,D,L,L,30.0,LDDDL,LDWDL,3,5,0,0,0,0,0,0,0,0,-0.26666666666666666,-0.4,-0.03333333333333333,-0.1,0.23333333333333334,-0.06666666666666667
291,2025-04-05,Real Madrid,Valencia,1.0,2.0,2,0.0,1.0,2,62.0,32.0,29.0,46.0,28.0,15.0,12.0,26.0,2.1,1.0333333333333334,W,W,W,D,W,W,L,D,W,L,30.0,WWWLW,WDWDL,12,8,0,0,0,0,0,0,0,0,1.1,-0.4666666666666667,0.5333333333333333,-0.36666666666666664,1.0666666666666667,0.13333333333333333
292,2025-04-05,Mallorca,Celta,1.0,2.0,2,1.0,0.0,1,28.0,42.0,35.0,42.0,10.0,19.0,14.0,19.0,1.3333333333333333,1.3333333333333333,L,D,W,W,D,W,D,D,D,W,30.0,LWDDD,DWWDW,6,11,0,0,0,0,0,0,0,0,-0.23333333333333334,0.0,-0.13333333333333333,0.0,0.0,-0.16666666666666666
293,2025-04-05,Barça,Real Betis,1.0,1.0,0,1.0,1.0,0,82.0,40.0,28.0,36.0,36.0,18.0,12.0,13.0,2.2,1.5666666666666667,W,W,W,W,W,W,W,W,W,W,30.0,WWWWW,WWWWW,15,15,1,1,0,0,1,1,0,0,1.8,0.13333333333333333,0.8,0.16666666666666666,0.6333333333333333,0.0
294,2025-04-06,Las Palmas,Real Sociedad,1.0,3.0,2,0.0,1.0,2,33.0,27.0,48.0,31.0,10.0,12.0,20.0,12.0,0.8666666666666667,1.2666666666666666,D,W,D,D,L,L,D,L,L,W,30.0,DDLDL,WDLLW,3,7,0,0,0,0,0,0,0,0,-0.5,-0.13333333333333333,-0.3333333333333333,0.0,-0.4,-0.13333333333333333
295,2025-04-06,Sevilla FC,Atleti,1.0,2.0,2,1.0,1.0,0,33.0,47.0,39.0,23.0,15.0,16.0,18.0,10.0,1.2,1.9,L,D,L,L,W,L,D,W,D,W,30.0,LLWDD,DLLWW,5,7,0,0,0,0,0,0,0,0,-0.2,0.8,-0.1,0.2,-0.7,-0.06666666666666667
296,2025-04-06,Valladolid,Getafe,0.0,4.0,2,0.0,3.0,2,19.0,26.0,65.0,25.0,5.0,7.0,27.0,14.0,0.5333333333333333,1.2,L,L,L,W,L,W,D,L,L,L,30.0,LLLDL,LWWLL,1,6,0,0,0,0,0,0,0,0,-1.5333333333333334,0.03333333333333333,-0.7333333333333333,-0.23333333333333334,-0.6666666666666666,-0.16666666666666666
297,2025-04-06,Villarreal,Athletic,0.0,0.0,0,0.0,0.0,0,51.0,46.0,39.0,24.0,26.0,23.0,21.0,7.0,1.6,1.7666666666666666,D,D,W,W,L,D,L,L,W,W,30.0,DWLLW,DWDLW,7,8,0,0,0,0,0,0,0,0,0.4,0.7333333333333333,0.16666666666666666,0.5333333333333333,-0.16666666666666666,-0.03333333333333333
298,2025-04-07,Leganés,Osasuna,1.0,1.0,0,0.0,0.0,0,28.0,33.0,46.0,42.0,15.0,17.0,16.0,16.0,0.9,1.1333333333333333,L,D,L,L,L,L,W,D,L,L,30.0,LLLWL,DLLDL,3,2,0,0,0,0,0,0,0,0,-0.6,-0.3,-0.03333333333333333,0.03333333333333333,-0.23333333333333334,0.03333333333333333
299,2025-04-11,Valencia,Sevilla FC,1.0,0.0,1,1.0,0.0,1,32.0,33.0,46.0,39.0,15.0,15.0,26.0,18.0,1.0333333333333334,1.2,W,L,D,L,W,W,D,D,L,D,30.0,WDWDL,LLWDD,8,5,0,0,0,0,0,0,0,0,-0.4666666666666667,-0.2,-0.36666666666666664,-0.1,-0.16666666666666666,0.1
300,2025-04-12,Real Sociedad,Mallorca,0.0,2.0,2,0.0,1.0,2,30.0,29.0,32.0,37.0,13.0,11.0,12.0,14.0,1.3225806451612903,1.2903225806451613,W,L,W,L,D,W,L,D,L,D,31.0,WWDLL,LLWDD,7,5,0,0,0,0,0,0,0,0,-0.06451612903225806,-0.25806451612903225,0.03225806451612903,-0.0967741935483871,0.03225806451612903,0.06451612903225806
301,2025-04-12,Getafe,Las Palmas,1.0,3.0,2,1.0,0.0,1,30.0,34.0,25.0,51.0,10.0,10.0,14.0,21.0,1.2580645161290323,0.8387096774193549,W,L,L,D,W,D,W,L,L,D,31.0,WLWWL,LDDLD,9,3,0,0,0,0,0,0,0,0,0.16129032258064516,-0.5483870967741935,-0.12903225806451613,-0.3548387096774194,0.41935483870967744,0.1935483870967742
302,2025-04-12,Celta,Espanyol,0.0,2.0,2,0.0,1.0,2,44.0,33.0,43.0,40.0,19.0,12.0,20.0,20.0,1.3870967741935485,1.1290322580645162,W,W,D,W,W,D,W,L,D,D,31.0,WDWWD,WWDLD,11,8,0,0,0,0,0,0,0,0,0.03225806451612903,-0.22580645161290322,-0.03225806451612903,-0.25806451612903225,0.25806451612903225,0.0967741935483871
303,2025-04-12,Leganés,Barça,0.0,1.0,2,0.0,0.0,0,29.0,83.0,47.0,29.0,15.0,37.0,16.0,13.0,0.9032258064516129,2.161290322580645,D,D,L,W,L,W,L,W,W,W,31.0,DLLLW,DWWWW,4,13,0,0,0,0,1,0,0,0,-0.5806451612903226,1.7419354838709677,-0.03225806451612903,0.7741935483870968,-1.2580645161290323,-0.2903225806451613
304,2025-04-13,Osasuna,Girona,2.0,1.0,1,1.0,0.0,1,34.0,37.0,43.0,46.0,17.0,17.0,16.0,18.0,1.1290322580645162,1.096774193548387,D,L,D,L,L,D,L,D,D,D,31.0,DDLLD,LLDDD,3,3,0,0,0,0,0,0,0,0,-0.2903225806451613,-0.2903225806451613,0.03225806451612903,-0.03225806451612903,0.03225806451612903,0.0
305,2025-04-13,Alavés,Real Madrid,0.0,1.0,2,0.0,1.0,2,33.0,63.0,44.0,31.0,14.0,28.0,17.0,13.0,0.967741935483871,2.032258064516129,W,L,L,W,D,W,W,W,D,L,31.0,WLDWD,LWWWL,8,9,0,0,0,0,0,0,0,0,-0.3548387096774194,1.032258064516129,-0.0967741935483871,0.4838709677419355,-1.064516129032258,-0.03225806451612903
306,2025-04-13,Real Betis,Villarreal,1.0,2.0,2,1.0,1.0,0,41.0,53.0,37.0,40.0,19.0,27.0,14.0,22.0,1.5483870967741935,1.6451612903225807,D,W,W,D,W,W,W,L,W,L,31.0,DWWWW,WDWLL,13,7,1,0,0,0,0,0,0,0,0.12903225806451613,0.41935483870967744,0.16129032258064516,0.16129032258064516,-0.0967741935483871,0.1935483870967742
307,2025-04-13,Athletic,Rayo Vallecano,3.0,1.0,1,0.0,1.0,2,46.0,33.0,24.0,35.0,23.0,13.0,7.0,15.0,1.7419354838709677,1.2903225806451613,D,L,D,W,W,D,D,L,L,D,31.0,DDWDL,LWDLD,6,5,0,0,0,0,0,0,0,0,0.7096774193548387,-0.06451612903225806,0.5161290322580645,-0.06451612903225806,0.45161290322580644,0.03225806451612903
308,2025-04-14,Atleti,Valladolid,4.0,2.0,1,2.0,1.0,1,49.0,19.0,24.0,69.0,17.0,5.0,11.0,30.0,1.935483870967742,0.5161290322580645,W,L,D,L,L,L,L,L,W,D,31.0,WDLLW,LLLLD,7,1,0,0,0,0,0,0,0,0,0.8064516129032258,-1.6129032258064515,0.1935483870967742,-0.8064516129032258,1.4193548387096775,0.1935483870967742
309,2025-04-18,Espanyol,Getafe,1.0,0.0,1,1.0,0.0,1,33.0,30.0,40.0,25.0,12.0,10.0,20.0,14.0,1.1290322580645162,1.2580645161290323,W,W,W,L,D,W,L,W,D,L,31.0,WWDLD,WLWWL,8,9,0,0,0,0,0,0,0,0,-0.22580645161290322,0.16129032258064516,-0.25806451612903225,-0.12903225806451613,-0.12903225806451613,-0.03225806451612903
310,2025-04-19,Rayo Vallecano,Valencia,1.0,1.0,0,1.0,0.0,1,34.0,35.0,38.0,47.0,14.0,17.0,15.0,26.0,1.25,1.15625,L,W,L,W,W,W,D,D,L,W,32.0,LLWDL,WWWDW,4,13,0,0,0,0,0,0,0,0,-0.125,-0.375,-0.03125,-0.28125,0.09375,-0.28125
311,2025-04-19,Barça,Celta,4.0,3.0,1,1.0,1.0,0,84.0,44.0,29.0,45.0,37.0,19.0,13.0,21.0,2.1875,1.34375,W,L,D,W,W,D,W,W,W,W,32.0,WDWWW,LWDWW,13,10,1,0,0,0,0,0,0,0,1.71875,-0.03125,0.75,-0.0625,0.84375,0.09375
312,2025-04-19,Mallorca,Leganés,0.0,0.0,0,0.0,0.0,0,31.0,29.0,37.0,48.0,12.0,15.0,14.0,16.0,1.34375,0.875,W,L,L,D,L,L,W,L,D,L,32.0,WLLWD,LDLLL,7,1,0,0,0,0,0,0,1,0,-0.1875,-0.59375,-0.0625,-0.03125,0.46875,0.1875
313,2025-04-19,Las Palmas,Atleti,1.0,0.0,1,0.0,0.0,0,37.0,53.0,52.0,26.0,10.0,19.0,22.0,12.0,0.90625,1.96875,W,W,L,W,D,D,D,L,L,L,32.0,WLDDL,WWDLL,5,7,0,0,0,0,0,0,0,0,-0.46875,0.84375,-0.375,0.21875,-1.0625,-0.0625
314,2025-04-20,Valladolid,Osasuna,2.0,3.0,2,0.0,2.0,2,21.0,36.0,73.0,44.0,6.0,18.0,32.0,16.0,0.5,1.1875,L,W,L,D,L,D,L,L,L,L,32.0,LLLLL,WDDLL,0,5,0,0,1,1,0,0,0,0,-1.625,-0.25,-0.8125,0.0625,-0.6875,-0.15625
315,2025-04-20,Villarreal,Real Sociedad,2.0,2.0,0,1.0,1.0,0,55.0,30.0,42.0,34.0,28.0,13.0,23.0,13.0,1.625,1.28125,D,L,W,W,D,W,W,D,L,L,32.0,DWDWL,LWWDL,8,7,0,0,0,0,0,0,0,0,0.40625,-0.125,0.15625,0.0,0.34375,0.03125
316,2025-04-20,Sevilla FC,Alavés,1.0,1.0,0,1.0,1.0,0,34.0,33.0,42.0,45.0,16.0,14.0,20.0,18.0,1.125,0.9375,L,L,L,W,L,L,L,D,W,W,32.0,LLLLW,LWLDW,3,7,0,0,0,0,0,0,0,0,-0.25,-0.375,-0.125,-0.125,0.1875,-0.125
317,2025-04-20,Real Madrid,Athletic,1.0,0.0,1,0.0,0.0,0,64.0,49.0,31.0,25.0,29.0,23.0,13.0,8.0,2.0625,1.78125,W,W,L,D,W,D,W,W,W,D,32.0,WLWWW,WDDWD,12,9,1,0,0,0,0,0,0,0,1.03125,0.75,0.5,0.46875,0.28125,0.09375
318,2025-04-21,Girona,Real Betis,1.0,3.0,2,0.0,3.0,2,38.0,42.0,48.0,39.0,17.0,20.0,19.0,15.0,1.0625,1.5,L,L,L,D,L,W,D,W,D,W,32.0,LLLDD,LDWWW,2,10,0,0,0,0,1,0,0,0,-0.3125,0.09375,-0.0625,0.15625,-0.4375,-0.25
319,2025-04-22,Valencia,Espanyol,1.0,1.0,0,0.0,1.0,2,35.0,34.0,47.0,40.0,17.0,13.0,26.0,20.0,1.15625,1.1875,W,W,W,W,W,W,D,D,W,L,32.0,WWWDW,WWWDL,13,10,0,0,0,0,0,0,0,0,-0.375,-0.1875,-0.28125,-0.21875,-0.03125,0.09375
320,2025-04-22,Barça,Mallorca,1.0,0.0,1,0.0,0.0,0,88.0,31.0,32.0,37.0,38.0,12.0,14.0,14.0,2.212121212121212,1.3333333333333333,W,D,W,W,D,L,W,L,W,W,33.0,WWDWW,DWLLW,13,7,0,0,0,0,0,0,0,0,1.696969696969697,-0.18181818181818182,0.7272727272727273,-0.06060606060606061,0.8787878787878788,0.18181818181818182
321,2025-04-23,Athletic,Las Palmas,1.0,0.0,1,1.0,0.0,1,49.0,38.0,26.0,52.0,23.0,10.0,8.0,22.0,1.7272727272727273,0.9696969696969697,L,W,W,W,D,L,D,D,W,D,33.0,LWDDW,WWLDD,8,8,0,0,0,0,0,0,0,0,0.696969696969697,-0.42424242424242425,0.45454545454545453,-0.36363636363636365,0.7575757575757576,0.0
322,2025-04-23,Celta,Villarreal,3.0,0.0,1,1.0,0.0,1,47.0,55.0,49.0,45.0,20.0,28.0,22.0,24.0,1.303030303030303,1.5757575757575757,L,L,L,D,W,W,D,D,W,W,33.0,LLWDW,LDWDW,7,8,0,0,0,0,0,0,0,0,-0.06060606060606061,0.30303030303030304,-0.06060606060606061,0.12121212121212122,-0.2727272727272727,-0.030303030303030304
323,2025-04-23,Alavés,Real Sociedad,1.0,0.0,1,0.0,0.0,0,34.0,32.0,46.0,36.0,15.0,14.0,19.0,14.0,0.9393939393939394,1.2727272727272727,D,D,L,L,W,W,L,W,D,D,33.0,DLWLD,DLWWD,5,8,0,0,0,0,0,0,0,0,-0.36363636363636365,-0.12121212121212122,-0.12121212121212122,0.0,-0.3333333333333333,-0.09090909090909091
324,2025-04-23,Getafe,Real Madrid,0.0,1.0,2,0.0,1.0,2,31.0,65.0,29.0,31.0,11.0,29.0,15.0,13.0,1.1818181818181819,2.090909090909091,L,W,L,W,W,L,L,W,W,W,33.0,LLWLW,WWLWW,6,12,0,0,0,0,0,0,0,0,0.06060606060606061,1.0303030303030303,-0.12121212121212122,0.48484848484848486,-0.9090909090909091,-0.18181818181818182
325,2025-04-24,Osasuna,Sevilla FC,1.0,0.0,1,1.0,0.0,1,39.0,35.0,46.0,43.0,20.0,17.0,16.0,21.0,1.2424242424242424,1.121212121212121,W,D,W,L,D,L,D,L,L,L,33.0,WWDDL,DLLLL,8,1,0,0,0,0,0,0,1,0,-0.21212121212121213,-0.24242424242424243,0.12121212121212122,-0.12121212121212122,0.12121212121212122,0.21212121212121213
326,2025-04-24,Leganés,Girona,1.0,1.0,0,0.0,0.0,0,29.0,39.0,48.0,51.0,15.0,17.0,16.0,22.0,0.8787878787878788,1.0303030303030303,D,L,L,L,D,L,L,L,L,D,33.0,DLDLL,LLLLD,2,1,0,0,0,0,0,0,0,0,-0.5757575757575758,-0.36363636363636365,-0.030303030303030304,-0.15151515151515152,-0.15151515151515152,0.030303030303030304
327,2025-04-24,Atleti,Rayo Vallecano,3.0,0.0,1,2.0,0.0,1,53.0,35.0,27.0,39.0,19.0,15.0,12.0,15.0,1.9090909090909092,1.2424242424242424,L,D,W,L,W,L,D,W,L,D,33.0,LWWDL,DLLWD,7,5,0,0,0,0,0,0,0,0,0.7878787878787878,-0.12121212121212122,0.21212121212121213,0.0,0.6666666666666666,0.06060606060606061
328,2025-04-24,Real Betis,Valladolid,5.0,1.0,1,1.0,1.0,0,45.0,23.0,40.0,76.0,23.0,6.0,15.0,34.0,1.5454545454545454,0.48484848484848486,W,L,L,L,D,L,W,L,W,L,33.0,WLDWW,LLLLL,10,0,0,0,0,0,0,0,1,1,0.15151515151515152,-1.606060606060606,0.24242424242424243,-0.8484848484848485,1.0606060606060606,0.30303030303030304
329,2025-04-27,Villarreal,Espanyol,1.0,0.0,1,0.0,0.0,0,55.0,35.0,45.0,41.0,28.0,14.0,24.0,20.0,1.5757575757575757,1.1818181818181819,L,D,D,W,W,W,D,W,W,D,33.0,LDWDW,DWWWD,8,11,0,0,0,0,0,0,0,0,0.30303030303030304,-0.18181818181818182,0.12121212121212122,-0.18181818181818182,0.3939393939393939,-0.09090909090909091
330,2025-05-02,Rayo Vallecano,Getafe,1.0,0.0,1,1.0,0.0,1,35.0,31.0,42.0,30.0,15.0,11.0,17.0,16.0,1.2058823529411764,1.1470588235294117,L,L,D,L,L,L,L,W,W,L,34.0,LDLLW,LLLWL,4,3,0,0,0,0,0,0,0,0,-0.20588235294117646,0.029411764705882353,-0.058823529411764705,-0.14705882352941177,0.058823529411764705,0.029411764705882353
331,2025-05-03,Alavés,Atleti,0.0,0.0,0,0.0,0.0,0,35.0,56.0,46.0,27.0,15.0,21.0,19.0,12.0,1.0,1.9411764705882353,W,W,D,L,L,W,W,W,L,D,34.0,WDLWL,WLWWD,7,10,0,0,0,0,0,0,0,0,-0.3235294117647059,0.8529411764705882,-0.11764705882352941,0.2647058823529412,-0.9411764705882353,-0.08823529411764706
332,2025-05-03,Villarreal,Osasuna,4.0,2.0,1,3.0,0.0,1,56.0,40.0,45.0,46.0,28.0,21.0,24.0,16.0,1.6176470588235294,1.2941176470588236,W,W,L,W,D,W,W,D,D,D,34.0,WLDWD,WWWDD,8,11,0,0,0,0,0,0,0,0,0.3235294117647059,-0.17647058823529413,0.11764705882352941,0.14705882352941177,0.3235294117647059,-0.08823529411764706
333,2025-05-03,Las Palmas,Valencia,2.0,3.0,2,1.0,1.0,0,38.0,37.0,53.0,49.0,10.0,17.0,23.0,28.0,0.9411764705882353,1.1470588235294117,L,D,W,D,W,W,L,W,D,W,34.0,LWWLD,DDWWW,7,11,0,0,0,0,1,0,0,0,-0.4411764705882353,-0.35294117647058826,-0.38235294117647056,-0.3235294117647059,-0.20588235294117646,-0.11764705882352941
334,2025-05-03,Valladolid,Barça,1.0,2.0,2,1.0,0.0,1,24.0,89.0,81.0,32.0,7.0,38.0,35.0,14.0,0.47058823529411764,2.235294117647059,L,W,L,W,L,W,L,D,L,W,34.0,LLLLL,WWWDW,0,13,0,0,1,1,0,0,0,0,-1.6764705882352942,1.6764705882352942,-0.8235294117647058,0.7058823529411765,-1.7647058823529411,-0.38235294117647056
335,2025-05-04,Real Madrid,Celta,3.0,2.0,1,2.0,0.0,1,66.0,50.0,31.0,49.0,30.0,21.0,13.0,22.0,2.1176470588235294,1.3529411764705883,W,W,W,L,W,L,L,W,W,D,34.0,WWWLW,WLLWD,12,7,0,0,0,0,0,0,0,0,1.0294117647058822,0.029411764705882353,0.5,-0.029411764705882353,0.7647058823529411,0.14705882352941177
336,2025-05-04,Sevilla FC,Leganés,2.0,2.0,0,1.0,1.0,0,35.0,30.0,44.0,49.0,17.0,15.0,22.0,16.0,1.088235294117647,0.8823529411764706,L,D,D,D,L,L,L,D,L,L,34.0,LDLLL,DDLDL,1,3,0,0,1,0,0,0,0,0,-0.2647058823529412,-0.5588235294117647,-0.14705882352941177,-0.029411764705882353,0.20588235294117646,-0.058823529411764705
337,2025-05-04,Espanyol,Real Betis,1.0,2.0,2,1.0,0.0,1,35.0,50.0,42.0,41.0,14.0,24.0,20.0,16.0,1.1470588235294117,1.588235294117647,L,W,D,W,W,L,W,D,W,W,34.0,LDWWW,WWLDW,10,10,1,0,0,0,0,0,0,0,-0.20588235294117646,0.2647058823529412,-0.17647058823529413,0.23529411764705882,-0.4411764705882353,0.0
338,2025-05-04,Real Sociedad,Athletic,0.0,0.0,0,0.0,0.0,0,32.0,50.0,37.0,26.0,14.0,24.0,14.0,8.0,1.2352941176470589,1.7647058823529411,L,W,D,L,L,W,W,D,W,D,34.0,LDLWW,WLWDD,7,8,0,0,0,0,0,0,0,0,-0.14705882352941177,0.7058823529411765,0.0,0.47058823529411764,-0.5294117647058824,-0.029411764705882353
339,2025-05-05,Girona,Mallorca,1.0,0.0,1,1.0,0.0,1,40.0,31.0,52.0,38.0,17.0,12.0,22.0,14.0,1.0294117647058822,1.2941176470588236,D,L,L,D,L,W,L,L,L,L,34.0,DLLLL,LDWLL,1,4,0,0,1,0,0,0,0,0,-0.35294117647058826,-0.20588235294117646,-0.14705882352941177,-0.058823529411764705,-0.2647058823529412,-0.08823529411764706
